cent,efl node20,efl node0,efl node10,fl net5
20.20000076,59.64661026,100,91.11842346,44.09999847
14.61999989,34.47946548,100,87.5,30.29999924
12.27999973,23.20916939,100,86.51316071,23.95000076
11.53999996,21.20343781,100,84.86842346,24
10.22000027,21.251194,100,77.96052551,18.5
9.430000305,17.81279755,100,78.28947449,17.14999962
8.68999958,14.7086916,100,72.36842346,18.10000038
8.359999657,15.99808979,100,72.69736481,17.64999962
8.029999733,15.37726879,100,67.43421173,17
8.050000191,14.374403,100,67.76316071,17.29999924
7.610000134,14.0401144,100,57.89473724,13.89999962
7.460000038,12.94173813,100,56.90789413,13.25
7.650000095,11.36580753,100,55.26315689,14.19999981
7.980000019,11.84336185,100,56.57894897,13.64999962
7.119999886,12.17765045,100,58.2236824,12.25
7.630000114,12.46418381,100,46.05263138,13.80000019
7.190000057,10.9360075,100,46.71052551,14.55000019
6.309999943,11.41356277,100,46.38158035,12.89999962
6.460000038,9.503342628,100,42.43421173,13.60000038
6.75,10.69723034,100,35.5263176,13
6.659999847,10.17191982,100,36.84210587,12.10000038
6.409999847,10.36294174,100,35.5263176,11.35000038
6.929999828,10.84049702,100,31.57894707,13.10000038
6.579999924,9.216810226,100,33.88158035,14
6.769999981,10.74498558,100,32.56578827,11.10000038
6.409999847,9.837631226,100,29.60526276,12.5
6.059999943,10.79274082,100,33.88158035,13.39999962
6.019999981,9.407832146,100,29.27631569,10.69999981
6.239999771,9.503342628,100,29.93420982,10
6.300000191,9.742120743,100,26.97368431,10.60000038
5.800000191,8.882521629,100,25.65789413,10.64999962
6.21999979,9.503342628,100,26.97368431,11.80000019
5.730000019,9.169054031,100,26.97368431,11
5.619999886,9.216810226,100,24.34210587,9.949999809
5.900000095,9.312320709,100,22.36842155,10.69999981
6.039999962,8.357211113,100,25.32894707,10.35000038
5.659999847,8.787010193,100,21.05263138,10
5.570000172,9.933142662,100,25,10.14999962
5.989999771,8.166189194,100,22.36842155,9.949999809
5.380000114,9.216810226,100,23.68420982,10.80000019
5.869999886,8.404966354,100,23.02631569,9.850000381
5.599999905,9.169054031,100,23.68420982,12.05000019
5.610000134,8.357211113,100,19.40789413,10.64999962
5.369999886,7.354345798,100,20.72368431,11.64999962
5.670000076,8.643744469,100,21.71052551,10.75
5.710000038,8.930276871,100,22.69736862,10.05000019
5.599999905,8.69149971,100,20.72368431,9.050000191
5.159999847,8.739254951,100,20.39473724,10.25
5.489999771,8.834766388,100,17.7631588,8.75
5.110000134,8.070677757,100,18.75,10.30000019
5.349999905,7.211079121,100,20.39473724,9.050000191
5.400000095,8.213944435,100,19.40789413,9.899999619
5.079999924,8.309455872,100,19.07894707,9.199999809
5.449999809,8.213944435,100,18.75,10.05000019
5.449999809,8.118433952,100,20.06579018,9.899999619
5.28000021,8.548233032,100,16.44736862,10.64999962
5.050000191,7.831900597,100,17.43420982,8.399999619
5.309999943,8.882521629,100,15.46052647,9.899999619
5.360000134,8.213944435,100,18.42105293,9.899999619
5.110000134,7.879656315,100,17.43420982,9.75
5.260000229,7.784145355,100,18.42105293,10.10000038
5.260000229,7.640878677,100,15.78947353,10.5
5.010000229,8.118433952,100,16.11842155,8.850000381
5.429999828,8.022922516,100,15.46052647,8.949999809
5.269999981,8.213944435,100,14.47368431,10.30000019
5.260000229,7.258834839,100,11.84210491,9.350000381
5.349999905,7.211079121,100,16.11842155,9.5
5.269999981,7.688634396,100,14.14473724,9.149999619
5.260000229,7.354345798,100,17.7631588,9.899999619
5.139999866,7.497612,100,15.1315794,9.5
5.590000153,7.06781292,100,14.80263138,9.399999619
4.989999771,7.831900597,100,15.46052647,9.600000381
5.269999981,7.688634396,100,16.11842155,7.75
4.900000095,7.736389637,100,14.80263138,9.350000381
4.980000019,7.545367718,100,13.81578922,9.25
4.849999905,6.685769081,100,16.44736862,8.949999809
5.460000038,8.022922516,100,15.78947353,9.550000191
5.25,7.40210104,100,13.48684216,8.449999809
5.320000172,7.40210104,100,15.1315794,8.850000381
5.070000172,7.354345798,100,15.46052647,9.649999619
4.820000172,7.879656315,100,14.14473724,8.800000191
4.699999809,7.640878677,100,15.78947353,8.800000191
4.829999924,6.876791,100,14.47368431,8.300000191
4.920000076,7.354345798,100,13.81578922,9.050000191
5.349999905,6.685769081,100,11.84210491,8.600000381
4.840000153,7.40210104,100,15.1315794,8.899999619
4.829999924,6.829035282,100,14.80263138,8.25
4.769999981,6.924546242,100,17.7631588,9.149999619
4.940000057,8.213944435,100,15.1315794,9.800000191
4.760000229,6.924546242,100,13.81578922,10.14999962
5.130000114,6.781280041,100,13.81578922,9.949999809
4.940000057,7.640878677,100,15.78947353,8.850000381
5.03000021,7.211079121,100,13.81578922,9.25
4.71999979,7.020057201,100,14.80263138,9.100000381
4.769999981,6.97230196,100,13.81578922,8.699999809
4.760000229,5.778414726,100,12.5,7.699999809
4.78000021,7.020057201,100,11.84210491,8.25
5,7.449856758,100,11.84210491,9.649999619
4.610000134,7.211079121,100,13.81578922,8.449999809
5.119999886,6.924546242,100,13.81578922,9.25
5.039999962,7.020057201,100,14.14473724,8.449999809
5.070000172,8.261699677,100,13.15789509,9.199999809
5.090000153,6.542502403,100,10.85526276,8.899999619
4.639999866,7.40210104,100,13.81578922,8.75
4.849999905,6.685769081,100,11.51315784,8.300000191
5.019999981,8.261699677,100,11.84210491,8.75
4.489999771,6.638013363,100,10.19736862,9.399999619
5.039999962,6.97230196,100,14.47368431,6.599999905
4.650000095,7.258834839,100,13.81578922,9.449999809
4.96999979,7.211079121,100,14.14473724,8.100000381
5.050000191,6.399235725,100,14.14473724,10
5.039999962,7.020057201,100,14.80263138,8.449999809
4.480000019,7.593123436,100,11.51315784,9.600000381
4.659999847,6.590257645,100,12.5,7.650000095
4.869999886,6.97230196,100,12.17105293,8.850000381
4.550000191,6.542502403,100,13.81578922,9.25
5.269999981,6.112702847,100,10.19736862,8.449999809
4.760000229,6.638013363,100,12.82894707,7.449999809
4.570000172,7.020057201,100,13.48684216,9.25
4.739999771,5.58739233,100,12.82894707,9.100000381
4.75,7.449856758,100,8.881579399,8.25
4.820000172,6.733524323,100,11.18421078,9.300000191
4.690000057,6.494746685,100,11.84210491,8
4.840000153,7.354345798,100,14.14473724,8.850000381
4.769999981,7.449856758,100,13.48684216,9.350000381
4.929999828,7.163323879,100,12.5,8.600000381
4.840000153,7.020057201,100,13.81578922,7.900000095
4.679999828,6.781280041,100,11.51315784,8.899999619
5.230000019,7.354345798,100,11.18421078,7.900000095
4.96999979,7.497612,100,10.19736862,8.449999809
4.829999924,6.685769081,100,11.51315784,8.899999619
4.78000021,6.303724766,100,12.17105293,8.449999809
4.539999962,7.258834839,100,13.15789509,8.100000381
4.440000057,6.255969524,100,9.210526466,8.75
4.829999924,7.115568161,100,11.18421078,7.849999905
5.110000134,7.06781292,100,9.868420601,7.300000191
4.829999924,8.261699677,100,12.82894707,8.350000381
4.53000021,6.446991444,100,10.85526276,9.449999809
4.429999828,6.494746685,66.66666412,9.868420601,8.800000191
4.480000019,6.638013363,66.66666412,10.52631569,7.900000095
4.559999943,5.826169968,33.33333206,7.894736767,9.100000381
4.880000114,7.020057201,66.66666412,12.5,8.699999809
4.550000191,6.97230196,100,10.52631569,8.300000191
4.670000076,6.97230196,66.66666412,9.210526466,8
4.809999943,6.542502403,66.66666412,10.85526276,8.399999619
4.760000229,7.449856758,33.33333206,11.18421078,7.400000095
4.610000134,7.258834839,100,9.539473534,8.050000191
4.679999828,6.446991444,66.66666412,10.52631569,7.699999809
4.880000114,6.829035282,33.33333206,10.52631569,8.050000191
4.489999771,6.685769081,66.66666412,11.84210491,8.699999809
4.539999962,6.781280041,66.66666412,9.868420601,8.850000381
4.329999924,7.449856758,33.33333206,9.868420601,8.300000191
4.440000057,7.163323879,66.66666412,10.52631569,6.550000191
4.829999924,7.115568161,66.66666412,11.18421078,9
4.510000229,6.924546242,33.33333206,11.18421078,7.800000191
4.5,6.829035282,33.33333206,10.85526276,8.399999619
4.110000134,6.351480484,33.33333206,9.539473534,7.400000095
4.380000114,6.542502403,66.66666412,9.868420601,8.75
4.820000172,7.30659008,33.33333206,8.881579399,7.699999809
4.989999771,6.733524323,33.33333206,10.85526276,8.149999619
4.699999809,7.30659008,33.33333206,11.51315784,7.699999809
4.409999847,6.160458565,66.66666412,8.223684311,8.050000191
4.75,6.829035282,66.66666412,9.210526466,8.100000381
4.510000229,6.590257645,66.66666412,8.881579399,6.900000095
4.730000019,6.924546242,66.66666412,11.51315784,8.199999809
4.389999866,6.017191887,100,10.85526276,9
4.380000114,7.40210104,33.33333206,11.51315784,9.25
4.809999943,7.163323879,33.33333206,11.84210491,8.800000191
4.539999962,6.638013363,66.66666412,11.84210491,7.849999905
4.429999828,6.685769081,33.33333206,13.81578922,7.25
4.699999809,6.876791,33.33333206,10.52631569,7.650000095
4.840000153,6.399235725,66.66666412,8.552631378,8
4.389999866,6.97230196,66.66666412,10.52631569,7.050000191
4.570000172,6.255969524,33.33333206,9.210526466,7.300000191
4.590000153,6.829035282,33.33333206,12.17105293,7.800000191
4.239999771,7.497612,33.33333206,10.52631569,7.900000095
4.539999962,6.924546242,0,9.868420601,7.849999905
4.730000019,6.685769081,66.66666412,11.18421078,7.75
4.380000114,6.685769081,33.33333206,8.223684311,7.699999809
4.510000229,6.494746685,33.33333206,8.881579399,8.850000381
4.53000021,6.685769081,66.66666412,9.868420601,8.050000191
4.710000038,6.399235725,66.66666412,9.868420601,9.050000191
4.159999847,5.58739233,33.33333206,9.210526466,8.149999619
4.769999981,6.876791,33.33333206,10.19736862,8.649999619
4.429999828,6.160458565,66.66666412,11.18421078,7
4.5,7.115568161,66.66666412,11.84210491,8.600000381
4.300000191,7.30659008,66.66666412,11.51315784,8.5
4.639999866,6.208213806,33.33333206,11.84210491,8.600000381
4.840000153,6.208213806,33.33333206,8.223684311,8.25
4.449999809,7.497612,66.66666412,9.210526466,7.199999809
4.400000095,6.208213806,33.33333206,9.868420601,7.800000191
4.53000021,5.969436646,33.33333206,8.552631378,8.649999619
4.670000076,7.06781292,33.33333206,9.868420601,8.350000381
4.559999943,5.491881371,66.66666412,8.223684311,7.650000095
4.380000114,6.733524323,66.66666412,10.19736862,7.300000191
4.639999866,6.351480484,33.33333206,10.19736862,7.099999905
4.590000153,6.542502403,66.66666412,8.881579399,8.300000191
4.409999847,5.969436646,33.33333206,8.881579399,8.199999809
4.28000021,6.542502403,33.33333206,10.85526276,8.449999809
4.329999924,5.921680927,33.33333206,9.868420601,7.900000095
4.300000191,6.733524323,33.33333206,8.552631378,7.75
4.570000172,6.542502403,33.33333206,12.17105293,8.850000381
4.449999809,6.303724766,33.33333206,10.52631569,8.199999809
4.650000095,6.781280041,33.33333206,11.84210491,6.650000095
4.679999828,6.208213806,66.66666412,9.210526466,8.550000191
4.440000057,6.208213806,33.33333206,10.52631569,8
4.389999866,6.351480484,66.66666412,9.210526466,8.699999809
4.710000038,6.208213806,33.33333206,11.51315784,7.449999809
4.300000191,7.020057201,0,8.223684311,6.849999905
4.309999943,5.921680927,33.33333206,7.894736767,7.900000095
4.429999828,5.873925686,33.33333206,9.210526466,7.449999809
4.380000114,6.590257645,33.33333206,11.84210491,7.849999905
4.539999962,6.924546242,33.33333206,10.52631569,7.849999905
4.239999771,6.685769081,33.33333206,9.210526466,7.25
4.619999886,5.014326572,33.33333206,8.223684311,8.5
4.309999943,6.446991444,33.33333206,8.881579399,8.699999809
4.340000153,6.733524323,66.66666412,9.210526466,7.75
4.639999866,6.351480484,66.66666412,9.210526466,7.300000191
4.409999847,6.542502403,0,7.236842155,6.550000191
4.340000153,5.300859451,33.33333206,9.210526466,7.25
4.300000191,6.399235725,33.33333206,9.210526466,8.449999809
4.510000229,6.303724766,0,9.210526466,9.050000191
4.010000229,5.34861517,66.66666412,8.223684311,7.400000095
4.380000114,5.969436646,33.33333206,9.868420601,6.75
4.300000191,6.112702847,33.33333206,8.223684311,7.699999809
4.610000134,6.542502403,33.33333206,8.552631378,7.849999905
4.360000134,6.160458565,66.66666412,10.52631569,7.849999905
4.25,6.160458565,33.33333206,8.552631378,7.699999809
4.690000057,5.109837532,33.33333206,8.881579399,7.400000095
4.400000095,6.638013363,0,10.19736862,7.75
4.650000095,6.208213806,33.33333206,9.539473534,7.949999809
4.289999962,6.446991444,33.33333206,8.552631378,7.050000191
4.380000114,6.208213806,33.33333206,8.223684311,7.449999809
4.460000038,6.112702847,66.66666412,11.18421078,7
4.519999981,6.064947605,33.33333206,8.223684311,7.75
4.389999866,6.638013363,33.33333206,8.223684311,7.25
4.449999809,6.017191887,33.33333206,9.210526466,7.650000095
4.369999886,5.873925686,33.33333206,8.223684311,7.25
4.139999866,5.921680927,33.33333206,8.552631378,8.449999809
4.25,6.017191887,33.33333206,9.868420601,7.949999809
4.21999979,6.351480484,66.66666412,10.19736862,7.449999809
4.190000057,5.921680927,33.33333206,10.85526276,7.699999809
4.239999771,5.873925686,33.33333206,10.19736862,7.199999809
4.440000057,6.446991444,33.33333206,8.881579399,7.400000095
4.320000172,6.160458565,33.33333206,7.894736767,6.849999905
4.329999924,5.873925686,0,9.868420601,7.75
4.460000038,5.969436646,66.66666412,10.19736862,6.949999809
4.449999809,6.160458565,66.66666412,9.210526466,7.150000095
4.800000191,6.064947605,0,8.881579399,7.449999809
4.03000021,6.446991444,33.33333206,11.18421078,6.699999809
4.449999809,6.781280041,33.33333206,8.881579399,7.099999905
4.179999828,5.969436646,33.33333206,7.894736767,8.350000381
4.440000057,6.542502403,33.33333206,9.539473534,8.149999619
4.409999847,6.685769081,33.33333206,8.881579399,8.149999619
4.320000172,5.969436646,33.33333206,10.52631569,7.849999905
4.519999981,6.590257645,33.33333206,8.552631378,8.300000191
4.409999847,6.542502403,0,5.921052456,7.650000095
4.28000021,5.58739233,0,9.868420601,7.300000191
4.269999981,5.396370411,0,8.552631378,7.699999809
4.199999809,5.25310421,33.33333206,8.552631378,8.100000381
4.199999809,6.160458565,0,9.210526466,7.550000191
4.269999981,5.873925686,0,8.223684311,8.100000381
4.429999828,5.969436646,33.33333206,9.210526466,6.75
4.239999771,5.635148048,0,8.552631378,7.699999809
4.210000038,6.351480484,0,9.539473534,7.949999809
4.139999866,6.494746685,33.33333206,8.552631378,7.949999809
4.300000191,6.160458565,0,8.552631378,7.300000191
4.420000076,6.064947605,33.33333206,8.881579399,7.699999809
4.21999979,5.34861517,33.33333206,8.552631378,8.550000191
4.159999847,6.446991444,33.33333206,7.894736767,7.5
4.449999809,6.208213806,0,8.881579399,7.949999809
4.110000134,5.25310421,0,7.894736767,7.699999809
4.119999886,6.542502403,33.33333206,9.868420601,7.75
4.170000076,6.064947605,0,10.52631569,8.600000381
4.28000021,6.112702847,33.33333206,7.5657897,8.449999809
4.460000038,6.017191887,0,8.881579399,7.800000191
3.980000019,5.682903767,33.33333206,8.223684311,7.449999809
4.070000172,6.685769081,0,9.539473534,7.699999809
4.03000021,6.446991444,33.33333206,7.236842155,6.949999809
4.170000076,5.826169968,33.33333206,11.51315784,7.5
4.150000095,6.351480484,0,7.5657897,7.349999905
4.119999886,5.778414726,33.33333206,7.894736767,7
4.059999943,6.064947605,0,7.5657897,7.449999809
4.050000191,6.064947605,0,10.19736862,6.550000191
4.139999866,5.778414726,0,7.5657897,7.150000095
4.269999981,6.494746685,33.33333206,10.52631569,7.599999905
4.25,6.494746685,0,8.223684311,8.100000381
4.28000021,6.112702847,0,9.210526466,7.800000191
4.139999866,6.112702847,33.33333206,6.907894611,7.699999809
4.519999981,6.208213806,33.33333206,6.578947544,7.599999905
4.289999962,6.351480484,0,10.52631569,7
4.260000229,5.921680927,33.33333206,7.894736767,6.75
3.950000048,6.494746685,0,7.894736767,8
4.449999809,5.444126129,0,9.868420601,6.800000191
4.070000172,5.873925686,33.33333206,8.881579399,8.800000191
4.570000172,6.446991444,33.33333206,7.894736767,7.550000191
4.170000076,6.112702847,0,9.210526466,7.400000095
4.300000191,6.064947605,33.33333206,8.881579399,7
4.369999886,5.58739233,0,7.894736767,8.350000381
4.179999828,6.255969524,33.33333206,8.881579399,7.699999809
4.269999981,5.682903767,33.33333206,9.539473534,7.900000095
4.309999943,6.064947605,33.33333206,6.907894611,7.150000095
4.389999866,6.876791,0,7.894736767,5.949999809
4.389999866,5.491881371,33.33333206,7.5657897,7.599999905
4.440000057,5.873925686,33.33333206,9.210526466,8.199999809
4.079999924,6.160458565,0,7.5657897,6.349999905
4.199999809,6.303724766,0,8.552631378,8.100000381
4.010000229,5.109837532,33.33333206,7.236842155,7.849999905
4.21999979,6.112702847,0,8.552631378,6.900000095
3.880000114,6.446991444,33.33333206,9.210526466,6.449999809
4.239999771,5.635148048,33.33333206,8.223684311,9
4.190000057,5.539637089,0,9.210526466,6.949999809
4.440000057,6.255969524,0,7.236842155,9.5
4.170000076,5.444126129,0,8.552631378,7.5
4.429999828,6.494746685,0,9.210526466,7.849999905
3.910000086,5.34861517,33.33333206,9.868420601,7.099999905
4.179999828,6.017191887,33.33333206,8.552631378,7.25
4.190000057,6.160458565,33.33333206,6.578947544,6.849999905
4.380000114,5.539637089,33.33333206,7.236842155,7.599999905
4.610000134,6.112702847,0,7.5657897,6.349999905
4.170000076,6.255969524,0,9.539473534,5.949999809
4.550000191,6.017191887,0,6.907894611,6.900000095
4.349999905,5.778414726,0,9.210526466,7.650000095
4,5.396370411,0,9.868420601,8
4.230000019,5.396370411,33.33333206,9.210526466,6.75
4.099999905,5.58739233,0,7.894736767,6.949999809
4.590000153,6.064947605,0,8.552631378,6.75
3.980000019,5.444126129,0,8.881579399,8.199999809
4.059999943,5.730659008,33.33333206,8.552631378,6.900000095
4.309999943,6.160458565,0,8.223684311,6.599999905
4.159999847,6.017191887,0,8.552631378,8.100000381
4.289999962,6.303724766,33.33333206,8.223684311,7.800000191
4.630000114,6.303724766,0,8.552631378,7.199999809
4.389999866,6.064947605,33.33333206,7.894736767,6.949999809
4.5,6.399235725,0,8.881579399,7.25
4.159999847,5.969436646,0,7.5657897,6.5
4.440000057,5.730659008,0,9.210526466,7.650000095
4.269999981,6.542502403,33.33333206,10.52631569,6.949999809
4.010000229,6.590257645,33.33333206,5.263157845,7.300000191
3.980000019,6.208213806,33.33333206,9.868420601,7.550000191
4.059999943,6.064947605,0,9.210526466,7.050000191
3.940000057,5.873925686,0,7.236842155,6.849999905
3.890000105,5.730659008,33.33333206,8.881579399,8.949999809
4.199999809,6.685769081,33.33333206,8.223684311,8.25
4.130000114,5.682903767,33.33333206,9.210526466,7.349999905
4.489999771,6.446991444,0,8.223684311,8.25
4.190000057,6.733524323,0,6.907894611,7
4.449999809,6.160458565,0,8.223684311,7.5
4.409999847,5.205348492,0,7.5657897,6.849999905
4.159999847,6.255969524,0,9.210526466,7.050000191
4.449999809,6.112702847,33.33333206,7.236842155,8.550000191
4.309999943,5.778414726,0,8.223684311,6.650000095
4.139999866,6.638013363,0,8.881579399,6.5
4.210000038,6.255969524,0,9.539473534,7.300000191
4.380000114,6.017191887,0,9.210526466,6.75
4.119999886,6.255969524,0,6.578947544,6.599999905
4.260000229,5.682903767,33.33333206,9.210526466,7.900000095
4,5.539637089,33.33333206,9.539473534,7.25
4.159999847,5.300859451,0,7.5657897,6.349999905
3.980000019,6.017191887,0,9.539473534,7
3.900000095,5.969436646,0,8.552631378,6.699999809
4.480000019,5.682903767,33.33333206,8.223684311,6.400000095
4.159999847,5.635148048,0,10.19736862,6.550000191
4.059999943,5.921680927,33.33333206,8.223684311,8.5
4.230000019,6.017191887,0,8.552631378,6.550000191
3.99000001,7.211079121,0,7.894736767,8.600000381
4.079999924,5.826169968,0,8.552631378,7.650000095
4.139999866,6.017191887,0,7.5657897,7.75
3.99000001,6.017191887,33.33333206,10.19736862,7
4.400000095,5.444126129,33.33333206,8.881579399,6.349999905
4.75,6.494746685,33.33333206,8.552631378,8
4.090000153,5.730659008,0,6.907894611,7
4.449999809,6.542502403,33.33333206,9.210526466,7.400000095
4.170000076,5.491881371,0,8.552631378,7.5
4.119999886,6.255969524,0,7.894736767,6.349999905
3.940000057,5.539637089,0,5.921052456,6.199999809
4.090000153,6.303724766,33.33333206,8.552631378,6.449999809
3.950000048,5.921680927,0,9.868420601,7
3.940000057,6.351480484,0,9.868420601,6.650000095
4.190000057,6.112702847,0,8.223684311,7.050000191
4.230000019,5.778414726,33.33333206,9.539473534,7.5
4.429999828,5.682903767,33.33333206,8.552631378,6.849999905
4.03000021,5.396370411,0,7.236842155,7
4.090000153,5.34861517,33.33333206,9.210526466,7.5
4.400000095,5.539637089,0,8.881579399,8.050000191
4.070000172,6.781280041,33.33333206,6.907894611,6.5
3.970000029,5.873925686,0,7.5657897,6
4.429999828,6.160458565,0,9.539473534,7.400000095
3.880000114,6.351480484,0,8.881579399,7
4.119999886,5.205348492,0,7.5657897,6.400000095
4.300000191,5.969436646,0,7.894736767,6.75
4.269999981,5.826169968,33.33333206,7.5657897,7.25
4.309999943,6.112702847,0,7.894736767,7.25
4.170000076,5.921680927,0,7.894736767,7.599999905
4.340000153,5.444126129,0,7.894736767,7.449999809
3.970000029,6.017191887,0,6.907894611,6.900000095
4.349999905,6.446991444,0,9.210526466,7
3.809999943,5.635148048,0,8.881579399,7.599999905
3.940000057,5.969436646,0,7.236842155,8.100000381
4.190000057,6.064947605,0,8.552631378,7.5
4.199999809,6.446991444,0,8.881579399,6.599999905
4.170000076,6.255969524,0,8.881579399,7.5
4.25,5.921680927,0,8.881579399,7.150000095
4.300000191,6.399235725,0,5.921052456,7.800000191
4.159999847,5.921680927,0,8.223684311,7.150000095
4.440000057,6.208213806,0,7.5657897,7.650000095
4.179999828,5.873925686,33.33333206,7.894736767,7.699999809
4.309999943,6.638013363,0,8.881579399,6.849999905
4.329999924,6.160458565,0,7.236842155,7.5
4.21999979,5.730659008,0,7.236842155,6.75
4.019999981,5.539637089,0,7.236842155,6.599999905
4.239999771,5.539637089,0,8.881579399,7.599999905
3.75,5.969436646,33.33333206,7.894736767,7.300000191
3.819999933,5.969436646,0,8.223684311,7.650000095
4.159999847,6.542502403,0,7.894736767,7.449999809
3.839999914,5.635148048,0,7.894736767,7.199999809
3.940000057,5.491881371,0,7.236842155,6.349999905
4.079999924,5.58739233,0,7.894736767,7.099999905
4.110000134,5.444126129,0,7.236842155,8
4.059999943,5.062082291,0,7.894736767,7.5
3.940000057,5.444126129,0,8.881579399,7.5
4.300000191,5.444126129,33.33333206,7.5657897,6.150000095
3.960000038,6.255969524,0,7.5657897,6.900000095
4.230000019,5.58739233,0,7.236842155,7.599999905
3.700000048,5.826169968,0,7.236842155,8.300000191
4.360000134,5.109837532,0,8.552631378,6.800000191
4.320000172,5.969436646,0,6.578947544,7.150000095
4.300000191,6.160458565,0,7.894736767,7.650000095
4.320000172,4.727793694,33.33333206,6.25,6.449999809
4,5.491881371,0,7.5657897,8.149999619
4.050000191,5.205348492,0,7.894736767,7.25
3.960000038,7.06781292,33.33333206,6.907894611,7
4.070000172,5.730659008,0,8.881579399,6.349999905
4.190000057,6.351480484,0,6.907894611,7.050000191
4.489999771,5.730659008,33.33333206,8.881579399,6.800000191
4.130000114,5.682903767,0,9.210526466,6.25
3.730000019,5.873925686,33.33333206,7.894736767,6.25
4.670000076,5.873925686,0,8.881579399,7.050000191
4.139999866,5.730659008,0,6.578947544,7
4.090000153,5.444126129,0,7.894736767,7.599999905
4.139999866,5.444126129,0,8.223684311,7.349999905
4.159999847,6.255969524,0,8.223684311,6.900000095
4.289999962,5.873925686,0,8.552631378,7.75
3.970000029,5.682903767,0,8.223684311,8.100000381
4.179999828,5.778414726,33.33333206,6.25,6.849999905
3.970000029,5.635148048,0,5.592105389,8.649999619
4.050000191,5.491881371,0,9.539473534,6.699999809
3.779999971,6.685769081,0,6.907894611,8.050000191
4.050000191,5.444126129,0,6.578947544,6.599999905
4.010000229,5.34861517,0,7.5657897,7.099999905
4.119999886,6.208213806,0,7.236842155,7.050000191
4.179999828,5.778414726,0,11.51315784,7.099999905
4.070000172,5.826169968,0,10.19736862,6.099999905
4.269999981,4.918815613,0,6.907894611,6.550000191
4.099999905,6.303724766,0,7.894736767,7.300000191
4.21999979,5.396370411,0,6.907894611,7.050000191
4.320000172,5.444126129,0,8.223684311,6.949999809
4.110000134,6.446991444,0,7.5657897,8.149999619
4.039999962,6.112702847,0,7.236842155,7.300000191
4.230000019,5.682903767,0,10.19736862,6.900000095
4.639999866,5.682903767,0,7.894736767,7.949999809
4.389999866,6.112702847,33.33333206,6.907894611,6.400000095
4.079999924,5.635148048,33.33333206,7.894736767,7.050000191
3.859999895,5.873925686,0,7.5657897,7
4.400000095,6.829035282,0,7.894736767,6.400000095
3.690000057,5.396370411,0,6.907894611,6.849999905
4.079999924,5.635148048,0,8.881579399,7.199999809
4.079999924,6.160458565,0,8.881579399,6.349999905
4.070000172,5.969436646,0,6.578947544,7.150000095
3.859999895,5.873925686,0,6.578947544,6.699999809
3.829999924,5.635148048,0,8.881579399,7.099999905
4.019999981,5.34861517,0,5.263157845,5.599999905
4.070000172,6.112702847,0,7.236842155,6.75
3.549999952,5.539637089,0,8.223684311,7.050000191
3.839999914,5.205348492,0,7.236842155,7.199999809
4.300000191,5.921680927,0,6.578947544,7.199999809
4.03000021,5.34861517,0,6.25,6.699999809
4.300000191,6.112702847,0,8.223684311,8
4.550000191,5.730659008,0,8.223684311,7.849999905
3.730000019,4.966571331,0,7.5657897,6.800000191
4.139999866,5.109837532,0,5.921052456,7.550000191
4.099999905,6.064947605,0,8.552631378,5.849999905
4.090000153,5.491881371,0,6.907894611,6.150000095
3.880000114,4.775549412,0,6.25,7.900000095
4.039999962,5.921680927,0,8.881579399,7.150000095
4.230000019,5.826169968,0,9.539473534,6.650000095
4.119999886,5.58739233,0,6.907894611,7.199999809
4.150000095,5.25310421,0,7.5657897,6.349999905
4.380000114,5.491881371,33.33333206,9.210526466,6.550000191
3.869999886,6.303724766,0,8.552631378,6.599999905
4.210000038,5.109837532,0,8.552631378,7.599999905
3.630000114,6.160458565,0,8.223684311,6.599999905
4,5.396370411,0,8.552631378,7.550000191
3.970000029,5.539637089,0,7.236842155,8.100000381
3.960000038,5.969436646,0,6.907894611,6.5
4.269999981,5.778414726,0,9.210526466,6.050000191
4.369999886,5.730659008,33.33333206,6.25,6.949999809
3.960000038,5.921680927,0,7.236842155,7.199999809
4.090000153,6.494746685,0,6.25,7.550000191
3.809999943,6.351480484,0,8.223684311,6.400000095
4.260000229,5.109837532,0,7.894736767,6.75
4.110000134,5.58739233,0,7.236842155,7.5
4.179999828,5.25310421,0,6.25,6.400000095
4.190000057,6.112702847,0,8.881579399,6.599999905
4.010000229,4.680037975,0,7.894736767,7.099999905
3.880000114,5.15759325,0,7.894736767,7.25
3.890000105,5.34861517,0,6.907894611,7.449999809
4.159999847,6.303724766,0,7.236842155,7.699999809
3.950000048,5.396370411,0,6.907894611,7.050000191
4.159999847,6.255969524,0,7.5657897,6.150000095
4.150000095,5.635148048,0,7.5657897,7.400000095
4.360000134,5.109837532,0,7.894736767,6.599999905
4.179999828,6.638013363,0,8.552631378,6.800000191
4.409999847,5.300859451,0,5.921052456,5.800000191
3.930000067,5.444126129,0,7.894736767,6.400000095
3.940000057,6.590257645,0,6.907894611,7.25
4.150000095,5.109837532,0,9.210526466,7.400000095
4.119999886,5.34861517,0,7.5657897,6.199999809
4.210000038,5.682903767,0,7.236842155,6.449999809
4,6.303724766,0,7.236842155,7.550000191
3.809999943,5.25310421,0,6.578947544,7.099999905
3.960000038,5.635148048,33.33333206,6.578947544,7.75
4.050000191,5.014326572,0,8.223684311,6.5
4.190000057,5.014326572,0,8.223684311,6.650000095
4.03000021,5.682903767,0,7.5657897,8.149999619
4.340000153,6.112702847,33.33333206,6.907894611,7.25
4.110000134,5.109837532,0,8.223684311,7.150000095
3.700000048,5.826169968,0,7.236842155,6.800000191
4.230000019,5.109837532,0,6.25,7.400000095
3.880000114,6.399235725,0,6.25,6.800000191
4.039999962,5.635148048,0,8.223684311,6.900000095
4.5,4.584527016,0,6.907894611,5.75
4.059999943,6.208213806,0,7.5657897,8.050000191
4.210000038,5.778414726,0,8.552631378,7.400000095
4.179999828,5.826169968,0,7.5657897,7.050000191
4.159999847,5.873925686,0,7.5657897,6.900000095
3.99000001,5.205348492,0,5.592105389,7.449999809
4.059999943,5.491881371,0,6.907894611,7.5
4.349999905,6.255969524,0,8.552631378,7.400000095
4.010000229,5.15759325,0,7.236842155,5.699999809
3.869999886,5.205348492,0,8.223684311,5.949999809
4.059999943,6.064947605,0,8.881579399,7.400000095
3.670000076,4.966571331,0,5.921052456,7.199999809
4.289999962,5.444126129,0,6.578947544,6.699999809
4.019999981,4.871060371,0,8.881579399,7
4.059999943,5.826169968,0,6.578947544,7.5
3.890000105,5.730659008,0,7.894736767,6.400000095
3.900000095,5.873925686,0,7.236842155,8.300000191
3.940000057,5.921680927,0,8.223684311,8.899999619
3.980000019,5.826169968,0,7.894736767,6.550000191
4.480000019,5.873925686,0,9.539473534,5.800000191
4.139999866,6.017191887,33.33333206,4.9342103,7.099999905
4.380000114,5.396370411,0,7.236842155,7.099999905
4.190000057,5.25310421,0,9.868420601,8.100000381
3.849999905,5.396370411,0,7.236842155,6.25
4.039999962,5.491881371,33.33333206,7.894736767,6.949999809
4.300000191,6.208213806,0,6.578947544,6.349999905
4.230000019,5.062082291,0,7.894736767,6
3.980000019,6.303724766,0,8.223684311,7
3.910000086,5.682903767,33.33333206,7.894736767,8.25
4.199999809,5.778414726,0,7.5657897,7.400000095
3.869999886,5.58739233,0,7.894736767,6.900000095
4.099999905,6.255969524,0,8.223684311,7.199999809
3.980000019,5.826169968,0,6.907894611,6.650000095
4.130000114,5.15759325,0,7.5657897,5.849999905
4.130000114,5.444126129,0,5.263157845,7.050000191
3.74000001,5.491881371,0,7.894736767,7.099999905
4.110000134,5.778414726,0,8.223684311,6.75
3.980000019,4.871060371,0,7.236842155,5.400000095
4.019999981,4.680037975,0,9.539473534,6.949999809
4.139999866,5.778414726,0,9.210526466,8.100000381
4.119999886,5.300859451,0,6.578947544,6.199999809
4.03000021,5.491881371,33.33333206,8.552631378,7.449999809
4.25,4.966571331,0,9.868420601,6.25
4.059999943,5.635148048,0,6.907894611,8.350000381
3.710000038,5.539637089,0,5.921052456,7
3.890000105,5.491881371,0,7.236842155,6.199999809
4.179999828,5.826169968,33.33333206,8.552631378,5.650000095
4.519999981,5.873925686,0,6.907894611,5.800000191
3.859999895,6.160458565,0,7.5657897,6.849999905
4.050000191,5.109837532,0,7.236842155,6.949999809
4,6.208213806,0,7.5657897,6.699999809
4.260000229,5.539637089,0,6.25,6.699999809
3.690000057,6.112702847,0,8.552631378,5.849999905
4.340000153,5.730659008,0,6.578947544,6.5
3.779999971,5.396370411,0,6.578947544,6.699999809
3.940000057,5.491881371,0,6.578947544,6.400000095
3.859999895,5.15759325,0,8.881579399,6.900000095
3.819999933,5.444126129,0,5.921052456,6.550000191
4.110000134,5.682903767,0,7.894736767,7.199999809
3.910000086,5.491881371,0,7.5657897,6.699999809
4.289999962,5.25310421,0,7.5657897,7.650000095
3.890000105,6.733524323,0,7.894736767,7.099999905
3.75999999,5.15759325,0,7.5657897,7.25
3.960000038,5.635148048,0,7.236842155,6.449999809
3.900000095,6.303724766,0,9.210526466,6.900000095
3.779999971,5.635148048,0,7.236842155,7.25
4.059999943,5.730659008,0,7.5657897,6.349999905
4.099999905,6.733524323,0,7.236842155,6.300000191
4.179999828,6.064947605,0,8.552631378,8.100000381
4.070000172,5.969436646,33.33333206,8.552631378,6.349999905
4.110000134,6.112702847,0,6.907894611,7.099999905
3.910000086,5.921680927,0,5.592105389,7.900000095
3.980000019,5.34861517,0,6.907894611,6.650000095
3.960000038,5.778414726,0,8.552631378,5
3.900000095,5.682903767,0,7.236842155,7
3.779999971,5.062082291,0,6.907894611,6.900000095
3.769999981,5.34861517,0,5.592105389,6.699999809
4.21999979,6.303724766,0,7.236842155,6.900000095
4.190000057,6.112702847,0,6.25,6.849999905
3.980000019,6.064947605,0,6.907894611,6.849999905
3.920000076,5.682903767,0,5.592105389,6.949999809
4.170000076,5.25310421,0,6.25,7.349999905
4.010000229,5.205348492,0,4.605263233,6.849999905
3.910000086,6.064947605,0,6.578947544,7
3.839999914,5.826169968,0,7.5657897,6.699999809
4.119999886,6.064947605,0,5.263157845,6.800000191
3.910000086,5.730659008,0,6.907894611,8.350000381
4.130000114,4.918815613,0,6.25,7.25
3.970000029,5.062082291,0,9.210526466,6.550000191
3.859999895,5.300859451,0,6.578947544,6.949999809
4.070000172,5.539637089,0,6.25,7.050000191
3.799999952,6.017191887,0,5.263157845,6.550000191
3.880000114,5.062082291,0,6.578947544,7.800000191
4.059999943,5.539637089,0,6.907894611,6.300000191
3.769999981,5.778414726,0,7.5657897,6.550000191
4.010000229,5.25310421,0,7.236842155,6.300000191
4,5.826169968,0,6.907894611,6.400000095
4.079999924,5.921680927,0,6.907894611,7.849999905
4.210000038,5.300859451,0,5.592105389,7.650000095
3.890000105,6.160458565,0,8.881579399,7.650000095
3.970000029,5.539637089,0,6.907894611,7.150000095
3.75,5.491881371,0,5.592105389,7.099999905
4.199999809,5.300859451,0,6.907894611,6.449999809
3.99000001,5.491881371,0,8.552631378,7.699999809
4.25,5.396370411,0,6.578947544,7.199999809
4.03000021,6.494746685,0,7.5657897,8.050000191
4.159999847,6.064947605,0,8.223684311,6
3.859999895,5.969436646,0,8.223684311,6
4.300000191,5.062082291,0,8.223684311,6
4.159999847,5.635148048,0,8.223684311,6.849999905
3.880000114,5.826169968,0,8.881579399,7.050000191
3.869999886,5.873925686,0,6.907894611,7
4.059999943,5.682903767,0,6.907894611,6.849999905
3.670000076,5.539637089,0,8.223684311,7.099999905
4.389999866,5.396370411,0,6.907894611,7.300000191
3.880000114,6.351480484,0,7.236842155,6.550000191
3.619999886,5.491881371,0,6.578947544,6.699999809
3.940000057,5.730659008,0,6.25,6.25
3.950000048,5.396370411,0,6.578947544,6.849999905
3.920000076,4.871060371,0,6.25,6.550000191
3.700000048,4.823304653,0,7.236842155,6.900000095
4.050000191,5.921680927,0,7.5657897,6.699999809
3.99000001,5.58739233,0,6.578947544,6.75
3.529999971,6.446991444,0,8.223684311,6.949999809
3.789999962,5.300859451,0,7.894736767,7.5
3.940000057,5.730659008,0,8.552631378,6.650000095
3.900000095,5.730659008,0,6.578947544,6.25
3.839999914,5.396370411,0,7.5657897,6.349999905
3.99000001,5.969436646,0,6.907894611,6.300000191
3.789999962,6.255969524,0,6.578947544,7.050000191
4.170000076,5.300859451,0,6.25,6.550000191
4.150000095,5.15759325,0,7.236842155,5.650000095
4.110000134,5.635148048,0,8.881579399,7.949999809
4.369999886,4.918815613,0,8.223684311,6.5
3.940000057,5.062082291,0,9.210526466,6.900000095
3.75,5.921680927,0,6.578947544,6.099999905
3.950000048,4.632282734,0,6.578947544,7
3.99000001,5.109837532,0,7.236842155,7.599999905
3.880000114,5.635148048,0,7.236842155,7.050000191
3.900000095,5.109837532,0,5.592105389,7.199999809
3.930000067,5.25310421,0,7.894736767,6.650000095
3.690000057,5.014326572,0,7.5657897,7.150000095
4.210000038,5.109837532,0,8.881579399,6.099999905
3.930000067,5.730659008,33.33333206,8.223684311,6.75
3.769999981,5.014326572,0,6.25,6.400000095
3.700000048,5.969436646,0,8.552631378,6.949999809
4.090000153,5.778414726,33.33333206,6.907894611,6.949999809
3.829999924,5.635148048,0,6.25,5.75
3.869999886,5.444126129,0,6.25,6.849999905
3.75,5.635148048,0,9.539473534,6.449999809
4.46999979,5.58739233,0,6.578947544,6.900000095
3.940000057,6.208213806,0,6.578947544,6.949999809
3.880000114,5.062082291,33.33333206,6.907894611,6.699999809
3.799999952,5.873925686,0,8.223684311,6.099999905
4.340000153,5.062082291,0,7.236842155,7.150000095
4.130000114,5.730659008,0,7.894736767,7.050000191
3.960000038,5.300859451,0,5.263157845,6.599999905
4.420000076,5.444126129,0,5.592105389,6.5
3.789999962,5.778414726,0,7.236842155,6.199999809
3.99000001,5.062082291,0,7.236842155,6.050000191
3.910000086,5.396370411,0,9.539473534,7.25
4.130000114,5.826169968,0,6.25,6.650000095
4.590000153,5.921680927,0,8.223684311,6.550000191
4.050000191,5.873925686,0,6.25,6.599999905
3.569999933,5.730659008,0,8.223684311,6.199999809
3.930000067,5.873925686,0,7.5657897,6.75
4.190000057,6.542502403,0,5.592105389,6.699999809
3.809999943,5.58739233,33.33333206,6.907894611,6.699999809
3.660000086,5.491881371,0,7.236842155,5.550000191
3.839999914,5.730659008,0,6.25,6.300000191
3.970000029,5.25310421,0,7.236842155,6.25
4.239999771,5.396370411,0,6.578947544,6.150000095
4.349999905,5.873925686,0,5.263157845,5.650000095
3.779999971,4.680037975,0,7.894736767,7.800000191
4.050000191,5.58739233,33.33333206,8.223684311,6.800000191
3.950000048,5.25310421,0,8.223684311,7.300000191
3.910000086,5.205348492,0,7.894736767,5.75
4.050000191,5.826169968,0,7.236842155,6.099999905
4.070000172,5.778414726,0,7.5657897,5.949999809
4.090000153,6.017191887,0,7.894736767,5.900000095
3.829999924,6.208213806,0,7.894736767,6.150000095
4,6.017191887,0,7.5657897,6.75
3.670000076,4.918815613,0,8.881579399,7
3.970000029,5.58739233,0,7.894736767,6.800000191
4.289999962,5.730659008,0,7.236842155,5.550000191
3.690000057,5.205348492,0,9.210526466,7.050000191
4.03000021,5.539637089,0,8.223684311,6.449999809
4.010000229,6.255969524,0,9.539473534,6.949999809
3.869999886,5.491881371,0,7.236842155,6.949999809
3.710000038,6.255969524,0,6.907894611,6.099999905
4.010000229,5.062082291,0,7.894736767,8.300000191
4.150000095,5.873925686,0,7.5657897,7.550000191
3.880000114,5.062082291,0,5.921052456,6.300000191
4.059999943,5.682903767,0,7.236842155,7.25
3.920000076,5.635148048,0,7.894736767,6.449999809
3.700000048,5.826169968,0,7.894736767,6.75
3.970000029,4.727793694,0,6.25,7.349999905
4.039999962,6.112702847,0,8.223684311,6
4.059999943,5.58739233,0,7.236842155,6.849999905
4.070000172,6.160458565,0,8.223684311,6.25
3.950000048,5.014326572,0,6.578947544,6.550000191
3.619999886,5.34861517,0,5.921052456,6.300000191
4.210000038,5.969436646,0,8.223684311,6.75
3.940000057,4.871060371,0,7.5657897,6.400000095
4.039999962,5.34861517,0,7.236842155,6.849999905
3.940000057,5.730659008,0,7.894736767,7.349999905
3.829999924,5.682903767,0,8.223684311,5.5
4.119999886,5.58739233,0,7.5657897,5.849999905
4.130000114,5.873925686,0,7.5657897,7.099999905
3.839999914,5.300859451,0,9.539473534,7
3.890000105,5.635148048,0,6.578947544,6.550000191
3.670000076,5.300859451,0,6.578947544,6.199999809
3.950000048,5.826169968,0,6.25,6.300000191
4.170000076,5.396370411,0,5.263157845,6.400000095
3.829999924,4.871060371,0,7.894736767,8.100000381
3.640000105,5.730659008,0,6.907894611,6.050000191
4.03000021,5.635148048,0,6.25,6.25
3.940000057,5.826169968,0,6.907894611,6.349999905
3.829999924,5.921680927,0,6.907894611,7.050000191
3.890000105,5.969436646,0,6.25,7.699999809
3.960000038,5.109837532,0,6.578947544,7.550000191
4.119999886,4.871060371,0,7.236842155,6.199999809
4.059999943,5.109837532,0,6.907894611,7.550000191
3.769999981,5.539637089,0,7.894736767,6.5
3.640000105,5.58739233,0,6.907894611,6.199999809
3.859999895,5.921680927,0,6.25,6.199999809
3.75999999,5.396370411,0,6.578947544,5.75
3.880000114,5.635148048,0,7.5657897,5.900000095
3.640000105,5.109837532,0,7.5657897,6.099999905
3.960000038,4.966571331,0,7.236842155,5.900000095
3.599999905,5.444126129,0,6.578947544,6.5
4,5.969436646,0,5.592105389,5.699999809
3.680000067,5.969436646,0,7.5657897,6.400000095
3.519999981,5.635148048,0,8.552631378,7.050000191
4.190000057,5.34861517,0,7.894736767,6.75
4.010000229,5.491881371,0,6.25,6.849999905
4.019999981,4.441260815,0,5.921052456,7.650000095
3.880000114,5.778414726,0,7.236842155,7.949999809
3.930000067,6.208213806,0,5.921052456,6.5
4.119999886,5.444126129,0,6.25,6.599999905
4.119999886,5.15759325,0,6.25,6.199999809
4.150000095,5.205348492,0,7.5657897,6.699999809
4.170000076,4.727793694,0,7.236842155,5.900000095
4.010000229,5.730659008,0,7.236842155,7.099999905
4.090000153,5.491881371,0,4.9342103,6.800000191
4.139999866,5.491881371,0,6.907894611,7
4.21999979,5.635148048,0,7.894736767,7.599999905
3.950000048,5.062082291,0,7.236842155,8.149999619
3.930000067,5.205348492,0,6.578947544,5.849999905
3.880000114,5.014326572,0,7.5657897,5.949999809
4.059999943,5.062082291,0,6.907894611,6.050000191
3.99000001,5.491881371,0,7.5657897,6.75
3.710000038,5.873925686,0,7.5657897,6.550000191
3.829999924,5.15759325,0,6.907894611,8.100000381
3.609999895,5.730659008,0,7.894736767,6.349999905
3.839999914,4.918815613,0,5.263157845,6.5
3.960000038,5.778414726,0,6.578947544,7.599999905
4.199999809,4.823304653,0,6.907894611,6.699999809
4.039999962,5.25310421,0,8.881579399,6
3.710000038,4.871060371,0,8.552631378,6.75
3.869999886,5.15759325,0,7.894736767,6.400000095
4.210000038,5.58739233,0,4.9342103,6.599999905
4.03000021,5.58739233,0,6.907894611,5.800000191
3.640000105,6.017191887,0,7.894736767,7.5
3.910000086,5.921680927,0,7.894736767,6.400000095
4.199999809,5.15759325,0,7.236842155,6.75
3.789999962,6.112702847,0,6.25,7.099999905
3.980000019,5.58739233,0,6.907894611,7.349999905
3.700000048,4.297994137,0,6.907894611,6.050000191
3.849999905,5.444126129,0,7.894736767,6.300000191
3.910000086,5.396370411,0,7.5657897,6.599999905
3.680000067,5.15759325,0,8.223684311,5.400000095
4.079999924,4.871060371,0,7.236842155,7.349999905
3.940000057,5.58739233,0,7.5657897,6.699999809
3.940000057,5.109837532,0,7.5657897,7.25
4.079999924,5.300859451,0,6.907894611,6.5
3.809999943,5.062082291,0,7.5657897,6
3.720000029,5.635148048,0,6.25,5.050000191
3.819999933,5.109837532,0,6.578947544,6.5
4,5.58739233,0,9.868420601,7
3.910000086,5.396370411,0,6.578947544,6.699999809
3.769999981,5.444126129,0,9.539473534,6.5
3.940000057,5.396370411,0,8.881579399,6.199999809
3.75,5.205348492,0,8.223684311,6.550000191
3.880000114,5.014326572,0,7.236842155,6.800000191
3.74000001,4.823304653,0,7.236842155,7.5
3.74000001,4.966571331,0,6.25,7.449999809
3.730000019,5.34861517,0,8.552631378,7.150000095
4.050000191,5.396370411,0,5.921052456,7.25
4.380000114,6.112702847,0,7.894736767,8.100000381
3.859999895,5.491881371,0,8.223684311,6
3.880000114,5.062082291,0,8.223684311,6.349999905
4.269999981,5.682903767,0,8.881579399,7.75
3.769999981,5.062082291,0,7.236842155,6.300000191
3.779999971,4.775549412,0,7.5657897,6.5
3.970000029,5.15759325,0,7.894736767,7.25
3.630000114,5.109837532,0,7.5657897,5.699999809
3.99000001,5.444126129,0,6.578947544,7
3.670000076,5.491881371,0,6.25,6.050000191
3.690000057,5.491881371,0,5.921052456,6.099999905
3.660000086,4.966571331,0,8.223684311,6.25
3.769999981,5.682903767,0,6.907894611,7.199999809
3.849999905,5.396370411,0,7.236842155,6.800000191
3.930000067,5.34861517,0,5.921052456,6.5
4.039999962,5.396370411,0,6.25,7.699999809
3.920000076,5.491881371,0,7.236842155,7.900000095
3.809999943,5.921680927,0,6.25,5.650000095
4.21999979,5.062082291,0,5.921052456,6.800000191
3.809999943,5.778414726,0,6.907894611,7.349999905
3.519999981,5.826169968,0,7.236842155,6.550000191
4.050000191,5.444126129,0,7.5657897,7.099999905
4.260000229,5.921680927,0,7.894736767,6.199999809
4.079999924,5.25310421,0,7.894736767,7.25
3.960000038,5.730659008,0,6.907894611,6.199999809
3.640000105,4.632282734,0,6.578947544,7.150000095
3.74000001,5.15759325,0,6.578947544,6.349999905
4.139999866,5.014326572,0,6.907894611,6.699999809
4.139999866,5.34861517,0,6.578947544,7.349999905
3.819999933,5.396370411,0,7.894736767,6.949999809
3.910000086,5.873925686,0,7.894736767,6.25
3.940000057,5.396370411,0,5.921052456,7.400000095
3.660000086,5.58739233,0,5.921052456,7
3.75,5.969436646,0,7.5657897,6.150000095
3.809999943,6.255969524,0,7.5657897,6.75
3.710000038,5.730659008,0,6.578947544,6.25
4.21999979,5.300859451,0,6.25,6.199999809
3.839999914,5.921680927,0,9.539473534,7.349999905
3.680000067,5.682903767,0,5.592105389,6.300000191
3.970000029,5.062082291,0,7.236842155,6.400000095
3.539999962,6.017191887,0,5.921052456,7.400000095
3.839999914,5.539637089,0,7.5657897,6.800000191
3.460000038,5.491881371,0,7.236842155,5.650000095
3.970000029,5.539637089,0,8.223684311,5.599999905
3.99000001,5.778414726,0,4.9342103,6.449999809
4.03000021,5.921680927,0,7.894736767,6.800000191
4.090000153,6.112702847,0,7.894736767,7.449999809
4.090000153,5.34861517,0,5.263157845,6.75
3.450000048,6.064947605,0,6.25,6.449999809
3.819999933,5.826169968,0,7.236842155,6.449999809
4.130000114,6.208213806,0,5.263157845,6.800000191
3.589999914,5.300859451,0,6.25,7.050000191
4.119999886,5.873925686,0,8.223684311,6.650000095
4.070000172,5.539637089,0,7.894736767,7.25
3.819999933,5.205348492,0,7.5657897,7
3.819999933,5.873925686,0,5.921052456,6.449999809
3.900000095,5.969436646,0,7.5657897,7
3.75,5.58739233,0,7.894736767,5.599999905
3.849999905,5.539637089,0,8.552631378,8
3.920000076,5.34861517,0,7.236842155,6.449999809
4.010000229,5.539637089,0,5.921052456,6.5
3.779999971,5.444126129,0,6.578947544,6.349999905
4.059999943,5.444126129,0,7.236842155,6.75
4.019999981,5.491881371,0,4.605263233,5.650000095
3.74000001,5.58739233,0,7.236842155,7.449999809
3.839999914,5.34861517,0,5.921052456,5.699999809
3.869999886,6.446991444,0,6.907894611,5.949999809
4.039999962,5.58739233,0,6.25,7.449999809
3.720000029,5.491881371,0,7.236842155,6.25
4.039999962,5.826169968,0,6.25,6.650000095
3.839999914,5.778414726,0,7.5657897,7.349999905
4.03000021,6.017191887,0,5.921052456,7.150000095
3.720000029,5.539637089,0,6.578947544,6.900000095
4.320000172,4.918815613,0,9.210526466,6.849999905
3.710000038,6.399235725,0,6.907894611,6.949999809
3.970000029,5.15759325,0,7.5657897,7.400000095
4.059999943,5.34861517,0,6.907894611,6.699999809
3.609999895,5.300859451,0,6.578947544,6.949999809
4.159999847,5.205348492,0,6.907894611,6.599999905
3.769999981,5.539637089,0,6.578947544,5.800000191
3.970000029,5.205348492,0,9.539473534,6.449999809
4.019999981,5.34861517,0,6.25,6.25
3.75999999,6.064947605,0,6.25,6.75
3.630000114,5.444126129,0,7.236842155,5.75
4.059999943,6.399235725,0,6.578947544,6.599999905
4.28000021,5.300859451,0,7.5657897,5.900000095
3.720000029,6.064947605,0,6.578947544,5.949999809
3.799999952,5.34861517,0,6.907894611,7.949999809
3.789999962,5.109837532,0,7.236842155,8.149999619
4.019999981,5.826169968,0,7.894736767,6.699999809
3.920000076,5.444126129,0,7.5657897,6.550000191
3.849999905,5.109837532,0,7.894736767,6.75
3.869999886,5.682903767,0,7.894736767,6.699999809
3.940000057,5.826169968,0,6.578947544,6.199999809
3.819999933,5.969436646,0,5.592105389,5.900000095
3.839999914,5.682903767,0,6.25,6.599999905
3.900000095,5.300859451,0,6.578947544,7
3.950000048,5.205348492,0,8.223684311,6.75
4.090000153,5.873925686,0,4.9342103,6.400000095
4.150000095,5.396370411,0,8.881579399,6.5
3.829999924,6.064947605,0,8.881579399,6.449999809
3.970000029,5.396370411,0,9.539473534,6.050000191
3.839999914,5.730659008,0,4.605263233,6.050000191
3.769999981,5.444126129,0,6.578947544,7.150000095
3.789999962,5.491881371,0,8.223684311,6.550000191
3.660000086,5.444126129,0,8.223684311,6.25
3.799999952,5.873925686,0,6.578947544,5.5
3.849999905,5.730659008,0,5.263157845,6.800000191
3.920000076,6.017191887,0,5.921052456,6.150000095
3.960000038,6.590257645,0,5.921052456,6.449999809
4.039999962,6.494746685,0,5.921052456,5.5
3.75999999,6.160458565,0,6.25,5.949999809
4.050000191,5.300859451,33.33333206,6.578947544,5.849999905
4.059999943,4.966571331,0,5.263157845,6.099999905
3.960000038,5.25310421,0,6.578947544,5.5
3.960000038,4.536771774,0,6.25,7.150000095
3.690000057,4.775549412,0,6.25,6.949999809
4.110000134,5.826169968,0,7.894736767,5.449999809
3.799999952,5.58739233,0,5.592105389,5.800000191
3.930000067,5.34861517,0,7.5657897,6.699999809
3.769999981,5.396370411,0,7.236842155,6.300000191
3.710000038,5.58739233,0,5.592105389,6.599999905
4.360000134,5.730659008,0,7.5657897,6.5
3.579999924,6.399235725,0,6.25,6.900000095
3.75,5.635148048,0,7.5657897,7.599999905
3.819999933,6.064947605,0,7.236842155,6.349999905
4.079999924,4.871060371,0,6.25,6.300000191
4.03000021,5.58739233,0,9.210526466,6.400000095
3.680000067,5.25310421,0,4.9342103,6
3.569999933,5.491881371,0,7.236842155,7.25
4.110000134,5.921680927,0,7.236842155,6.050000191
3.859999895,6.017191887,0,6.907894611,7.349999905
3.789999962,6.160458565,0,6.907894611,6.849999905
3.839999914,4.871060371,0,9.210526466,6.550000191
3.910000086,6.160458565,0,6.25,6.099999905
4.010000229,5.396370411,0,6.578947544,6.849999905
3.970000029,5.58739233,0,6.907894611,6.25
3.849999905,4.632282734,0,7.5657897,6.300000191
3.950000048,5.205348492,0,5.921052456,6.75
3.779999971,6.017191887,0,4.605263233,7.25
3.970000029,5.014326572,0,5.263157845,6.400000095
3.720000029,5.873925686,0,5.921052456,7.400000095
3.75,6.064947605,33.33333206,5.921052456,6
3.700000048,5.58739233,0,6.907894611,7.050000191
3.680000067,5.34861517,0,5.263157845,7.599999905
3.529999971,5.826169968,0,7.894736767,6.199999809
4.179999828,4.918815613,0,6.578947544,6.699999809
3.670000076,4.680037975,0,4.9342103,5.75
3.670000076,4.775549412,0,7.236842155,6.25
3.950000048,5.635148048,0,5.921052456,6.25
4.130000114,5.014326572,0,7.5657897,6.800000191
3.75999999,5.15759325,0,9.539473534,6.349999905
4.239999771,5.444126129,0,7.236842155,6.099999905
3.829999924,4.871060371,0,7.5657897,6.449999809
3.680000067,5.15759325,0,8.881579399,6.099999905
3.75,5.778414726,0,7.236842155,5.949999809
3.75,5.444126129,0,6.907894611,6.5
3.859999895,4.966571331,0,6.25,6.199999809
3.839999914,5.34861517,0,4.605263233,6.550000191
4.079999924,4.823304653,0,6.578947544,6.75
3.950000048,4.966571331,0,4.276315689,6.550000191
3.769999981,4.775549412,0,7.894736767,6.550000191
3.900000095,5.396370411,0,8.223684311,6
3.970000029,4.966571331,0,7.236842155,6.599999905
3.660000086,4.775549412,0,8.223684311,6.550000191
3.880000114,5.109837532,0,8.552631378,6.699999809
3.529999971,5.58739233,0,8.552631378,6.75
3.819999933,5.778414726,0,6.578947544,6.849999905
3.849999905,5.300859451,0,8.881579399,7.449999809
3.910000086,5.444126129,0,4.9342103,5.449999809
4.099999905,5.062082291,0,6.25,6.150000095
3.779999971,5.635148048,0,5.921052456,7.099999905
3.75,5.34861517,0,6.907894611,6.599999905
3.819999933,5.539637089,0,7.5657897,6.800000191
3.920000076,5.730659008,0,6.25,7.449999809
3.630000114,5.873925686,0,6.25,6.300000191
3.680000067,6.064947605,0,7.236842155,6.599999905
4.059999943,5.491881371,0,6.578947544,6.699999809
4.019999981,5.969436646,0,7.236842155,7
4.090000153,5.635148048,0,5.921052456,7.5
3.839999914,,,,6.449999809
3.779999971,,,,7.300000191
3.859999895,,,,6.699999809
3.859999895,,,,6.599999905
3.980000019,,,,6.699999809
3.869999886,,,,6.050000191
4.039999962,,,,6.849999905
3.440000057,,,,6.349999905
4.039999962,,,,6.75
3.650000095,,,,6.75
4.119999886,,,,5.449999809
3.74000001,,,,6.849999905
3.839999914,,,,6.800000191
3.819999933,,,,7
3.819999933,,,,7.25
3.74000001,,,,4.900000095
3.779999971,,,,6.75
4.150000095,,,,6.599999905
3.730000019,,,,6.550000191
3.940000057,,,,6.75
3.789999962,,,,5.75
4.039999962,,,,6.550000191
3.910000086,,,,6.050000191
4.039999962,,,,5.949999809
3.789999962,,,,6.449999809
3.789999962,,,,6.5
3.910000086,,,,8.100000381
3.920000076,,,,5.599999905
4.059999943,,,,6.199999809
3.619999886,,,,6.400000095
3.75999999,,,,6.349999905
3.789999962,,,,6.599999905
3.440000057,,,,6.800000191
3.650000095,,,,7.699999809
3.539999962,,,,5.849999905
3.609999895,,,,6.300000191
3.960000038,,,,6
3.700000048,,,,6.199999809
3.880000114,,,,7.199999809
3.829999924,,,,6
3.799999952,,,,6.25
3.539999962,,,,5.300000191
3.75,,,,6.349999905
3.950000048,,,,6.949999809
4.139999866,,,,6.300000191
3.75999999,,,,6.400000095
3.690000057,,,,6.050000191
3.480000019,,,,6.849999905
3.519999981,,,,7.300000191
3.690000057,,,,6.5
4.150000095,,,,5.849999905
3.809999943,,,,6.599999905
3.519999981,,,,6.400000095
4.019999981,,,,5.849999905
3.900000095,,,,6.150000095
3.710000038,,,,6.75
3.970000029,,,,5.300000191
3.900000095,,,,5.800000191
3.569999933,,,,5.900000095
3.819999933,,,,5.400000095
3.640000105,,,,5.75
3.50999999,,,,7.150000095
3.730000019,,,,7
3.730000019,,,,6.150000095
3.720000029,,,,6.349999905
3.880000114,,,,6.5
3.849999905,,,,5.800000191
4.090000153,,,,6.5
3.769999981,,,,6.550000191
4.050000191,,,,5.699999809
3.99000001,,,,7.300000191
3.99000001,,,,6.150000095
4.079999924,,,,7.150000095
3.859999895,,,,6.849999905
3.960000038,,,,5.449999809
3.980000019,,,,6.650000095
3.859999895,,,,7.300000191
4.130000114,,,,5.449999809
3.890000105,,,,6.949999809
3.829999924,,,,6.699999809
3.700000048,,,,7.050000191
3.720000029,,,,8.25
3.660000086,,,,6.5
3.599999905,,,,6.25
3.650000095,,,,5.900000095
3.609999895,,,,6.349999905
4.010000229,,,,8.300000191
3.980000019,,,,7
3.730000019,,,,6.650000095
3.75,,,,6.75
3.720000029,,,,7.5
3.799999952,,,,5.599999905
3.5,,,,6.199999809
3.970000029,,,,6.550000191
3.640000105,,,,6.599999905
3.609999895,,,,6.449999809
3.609999895,,,,5.800000191
3.720000029,,,,5.699999809
3.599999905,,,,6.800000191
3.910000086,,,,6.699999809
3.799999952,,,,7.5
3.880000114,,,,6.949999809
3.910000086,,,,5.550000191
3.539999962,,,,7.050000191
3.549999952,,,,5.5
3.839999914,,,,5.449999809
3.640000105,,,,7.150000095
3.930000067,,,,6.050000191
3.619999886,,,,6.150000095
3.75,,,,6.550000191
3.519999981,,,,6.75
3.859999895,,,,6.25
3.859999895,,,,7.099999905
3.829999924,,,,6
3.880000114,,,,6.5
3.599999905,,,,6.900000095
3.769999981,,,,6.650000095
3.75999999,,,,6.199999809
3.690000057,,,,5.800000191
3.74000001,,,,6.25
4.019999981,,,,6.650000095
4,,,,6.800000191
3.710000038,,,,6.550000191
3.559999943,,,,5.849999905
4.159999847,,,,7.099999905
3.900000095,,,,7.099999905
3.599999905,,,,6.25
4.079999924,,,,5.550000191
4.340000153,,,,6.050000191
3.829999924,,,,6.550000191
3.809999943,,,,6.550000191
3.950000048,,,,7.050000191
3.75,,,,6.599999905
3.75999999,,,,7.599999905
3.720000029,,,,6.449999809
3.599999905,,,,5.5
4.010000229,,,,6.349999905
3.720000029,,,,6.25
3.930000067,,,,7.099999905
3.779999971,,,,6.199999809
3.799999952,,,,7.050000191
3.650000095,,,,6.650000095
3.75999999,,,,5.400000095
3.470000029,,,,5.900000095
3.569999933,,,,5.449999809
3.559999943,,,,6.099999905
3.50999999,,,,6.949999809
3.779999971,,,,6.25
4.070000172,,,,5.949999809
3.880000114,,,,5.900000095
3.779999971,,,,6.050000191
3.779999971,,,,6.75
3.880000114,,,,6.349999905
3.789999962,,,,6.550000191
3.779999971,,,,6.400000095
3.890000105,,,,6.300000191
3.630000114,,,,6.650000095
3.609999895,,,,6.599999905
3.75,,,,6.300000191
3.74000001,,,,5.300000191
3.74000001,,,,5.199999809
3.730000019,,,,6.5
3.869999886,,,,6.349999905
3.799999952,,,,5.5
3.839999914,,,,5.400000095
3.799999952,,,,7.349999905
3.940000057,,,,5.800000191
4.03000021,,,,6.150000095
3.599999905,,,,6.150000095
3.789999962,,,,6.849999905
3.75,,,,6.099999905
3.75,,,,6.150000095
3.74000001,,,,6.400000095
3.839999914,,,,6.900000095
3.839999914,,,,7.199999809
3.670000076,,,,6.75
3.829999924,,,,5.800000191
4.019999981,,,,5.650000095
3.670000076,,,,6.449999809
3.99000001,,,,6.25
3.660000086,,,,6.5
3.599999905,,,,7.300000191
3.599999905,,,,6.849999905
3.599999905,,,,6.599999905
3.50999999,,,,6.449999809
3.880000114,,,,6.349999905
3.890000105,,,,5.599999905
3.309999943,,,,6.349999905
3.980000019,,,,6.300000191
3.480000019,,,,5.800000191
3.849999905,,,,7.550000191
3.819999933,,,,7
3.74000001,,,,5.599999905
3.819999933,,,,6.150000095
3.819999933,,,,6.900000095
3.609999895,,,,6.25
4,,,,5.650000095
4.099999905,,,,5.699999809
3.720000029,,,,6.699999809
3.75,,,,6.25
3.670000076,,,,5.650000095
3.839999914,,,,6.599999905
3.559999943,,,,6.400000095
3.799999952,,,,6.599999905
3.559999943,,,,6.900000095
3.650000095,,,,6.900000095
3.660000086,,,,6.849999905
3.660000086,,,,6
3.809999943,,,,5.949999809
3.730000019,,,,6.449999809
3.880000114,,,,5.900000095
3.829999924,,,,6.550000191
3.640000105,,,,5.800000191
3.819999933,,,,7.550000191
3.75,,,,5.300000191
3.74000001,,,,6.050000191
3.599999905,,,,6.449999809
3.690000057,,,,6.050000191
3.700000048,,,,5.949999809
3.670000076,,,,6.050000191
3.75,,,,5.599999905
3.539999962,,,,5.800000191
3.690000057,,,,6.599999905
3.660000086,,,,6.550000191
4.039999962,,,,5.349999905
3.900000095,,,,7
3.630000114,,,,5.900000095
4.050000191,,,,6.550000191
3.910000086,,,,6.300000191
3.579999924,,,,6.199999809
3.809999943,,,,6
4.179999828,,,,6.400000095
3.640000105,,,,5.099999905
3.450000048,,,,6.650000095
3.869999886,,,,5.599999905
3.549999952,,,,6.5
3.789999962,,,,7.75
3.700000048,,,,7.849999905
3.849999905,,,,6.75
3.75999999,,,,5.650000095
3.900000095,,,,6
3.829999924,,,,6.050000191
3.920000076,,,,6.550000191
3.839999914,,,,6.449999809
3.75,,,,7.5
3.75999999,,,,6.300000191
3.769999981,,,,6.550000191
3.74000001,,,,6.25
3.880000114,,,,6.300000191
3.75999999,,,,6.550000191
3.819999933,,,,5.550000191
3.640000105,,,,5.849999905
3.420000076,,,,6.300000191
3.549999952,,,,6.199999809
3.410000086,,,,6.800000191
3.779999971,,,,5
3.769999981,,,,5.800000191
3.720000029,,,,7.050000191
3.609999895,,,,6.650000095
3.779999971,,,,5.949999809
3.849999905,,,,6.25
3.829999924,,,,6.199999809
3.920000076,,,,6
3.869999886,,,,5.550000191
4.110000134,,,,5.699999809
3.779999971,,,,6.050000191
3.49000001,,,,6.599999905
3.809999943,,,,6.599999905
3.910000086,,,,6.699999809
3.869999886,,,,5.800000191
3.700000048,,,,5.949999809
3.960000038,,,,6.5
3.819999933,,,,5.900000095
3.890000105,,,,6.150000095
3.900000095,,,,5.599999905
3.799999952,,,,6.300000191
3.769999981,,,,6.349999905
3.690000057,,,,6.349999905
3.869999886,,,,6.349999905
3.950000048,,,,5.849999905
3.75999999,,,,7.25
3.900000095,,,,6.550000191
3.680000067,,,,6
3.819999933,,,,5.699999809
3.900000095,,,,6.300000191
3.579999924,,,,6.099999905
3.849999905,,,,5.949999809
3.75,,,,6.099999905
3.869999886,,,,5.800000191
3.819999933,,,,6.150000095
3.839999914,,,,5.650000095
3.900000095,,,,6
3.769999981,,,,5.349999905
3.910000086,,,,6.5
3.539999962,,,,7.650000095
4.090000153,,,,5.800000191
3.849999905,,,,6.349999905
3.680000067,,,,6.800000191
3.869999886,,,,6.849999905
3.75999999,,,,5.150000095
3.660000086,,,,7.900000095
3.769999981,,,,6
3.710000038,,,,6.349999905
3.960000038,,,,6.150000095
3.690000057,,,,6.550000191
4.059999943,,,,5.550000191
3.700000048,,,,5.75
3.75999999,,,,6.199999809
3.569999933,,,,6.349999905
4.019999981,,,,5.150000095
3.799999952,,,,4.949999809
3.900000095,,,,6.099999905
4.239999771,,,,6.300000191
3.609999895,,,,6.699999809
3.960000038,,,,5.949999809
3.329999924,,,,5.849999905
3.930000067,,,,7.099999905
3.720000029,,,,5.849999905
3.930000067,,,,6.300000191
3.170000076,,,,5.050000191
3.619999886,,,,6.300000191
3.769999981,,,,6.5
3.579999924,,,,6.650000095
3.980000019,,,,6
3.700000048,,,,6.199999809
3.730000019,,,,5.699999809
3.710000038,,,,6.349999905
3.710000038,,,,6.300000191
3.579999924,,,,5.75
3.5,,,,7.050000191
3.480000019,,,,6.150000095
3.619999886,,,,7.400000095
3.529999971,,,,6.300000191
3.549999952,,,,6.5
3.690000057,,,,6.25
3.75,,,,5.449999809
3.75999999,,,,6.050000191
3.799999952,,,,5.849999905
3.710000038,,,,6.550000191
3.789999962,,,,6.400000095
3.599999905,,,,6.650000095
3.960000038,,,,5.800000191
3.700000048,,,,6.599999905
3.839999914,,,,6.550000191
3.75,,,,5.550000191
4.099999905,,,,6.900000095
3.609999895,,,,7.300000191
3.920000076,,,,5.900000095
4,,,,6.900000095
3.839999914,,,,7.349999905
3.670000076,,,,6.099999905
3.690000057,,,,6.150000095
3.890000105,,,,6.150000095
3.900000095,,,,6.300000191
3.650000095,,,,7.199999809
3.839999914,,,,7.300000191
3.880000114,,,,6.25
3.660000086,,,,6.300000191
3.670000076,,,,6.300000191
3.609999895,,,,7.199999809
3.99000001,,,,6.300000191
3.859999895,,,,6.099999905
3.74000001,,,,6.75
4.179999828,,,,6.550000191
3.450000048,,,,6.599999905
4.019999981,,,,6.5
3.930000067,,,,5.699999809
3.730000019,,,,6
3.880000114,,,,7.25
3.869999886,,,,6.949999809
3.660000086,,,,5.949999809
3.75999999,,,,5.800000191
3.789999962,,,,6.300000191
3.599999905,,,,6.25
3.849999905,,,,6.699999809
3.859999895,,,,6.300000191
3.799999952,,,,6.550000191
3.789999962,,,,6.099999905
3.960000038,,,,6.5
3.779999971,,,,6
3.789999962,,,,6.300000191
3.650000095,,,,5.650000095
3.559999943,,,,6.75
3.680000067,,,,6.900000095
3.869999886,,,,6.150000095
3.809999943,,,,6.650000095
3.710000038,,,,6.099999905
3.519999981,,,,6.300000191
3.880000114,,,,5.949999809
3.869999886,,,,6.599999905
3.779999971,,,,6.300000191
3.589999914,,,,7.449999809
3.779999971,,,,6.550000191
3.74000001,,,,6.900000095
3.859999895,,,,6
3.769999981,,,,7
3.779999971,,,,6.599999905
3.839999914,,,,6.5
3.700000048,,,,7.199999809
3.829999924,,,,5.949999809
3.609999895,,,,6
3.75999999,,,,6.300000191
3.769999981,,,,6.050000191
3.880000114,,,,6.199999809
3.960000038,,,,6.050000191
3.940000057,,,,6.349999905
3.839999914,,,,6.099999905
3.75,,,,6.25
3.700000048,,,,6.449999809
3.980000019,,,,5.400000095
3.50999999,,,,7.050000191
3.640000105,,,,7.150000095
3.630000114,,,,5.800000191
3.359999895,,,,5.849999905
3.539999962,,,,5.849999905
3.660000086,,,,7.199999809
3.730000019,,,,6.449999809
3.920000076,,,,5.849999905
3.839999914,,,,6.650000095
3.630000114,,,,8
3.819999933,,,,6.150000095
3.779999971,,,,5.800000191
3.940000057,,,,5.699999809
3.930000067,,,,6.050000191
3.829999924,,,,6.5
3.700000048,,,,6.300000191
3.549999952,,,,5.949999809
3.869999886,,,,6.849999905
3.930000067,,,,6.599999905
3.589999914,,,,5.449999809
3.619999886,,,,5.800000191
3.880000114,,,,6.699999809
3.910000086,,,,6.800000191
3.650000095,,,,7.099999905
3.470000029,,,,6.150000095
3.920000076,,,,6.349999905
3.599999905,,,,7.099999905
3.849999905,,,,6.449999809
3.809999943,,,,6.800000191
3.680000067,,,,6.25
3.660000086,,,,6.599999905
3.930000067,,,,6.150000095
3.599999905,,,,6.949999809
3.900000095,,,,5.349999905
3.819999933,,,,6.199999809
3.24000001,,,,7.25
3.480000019,,,,6.150000095
3.880000114,,,,5.5
3.640000105,,,,6.75
3.569999933,,,,6.699999809
3.789999962,,,,6.449999809
3.609999895,,,,6.400000095
3.569999933,,,,7.5
3.930000067,,,,6.050000191
3.849999905,,,,5.849999905
3.690000057,,,,6.449999809
3.890000105,,,,7.050000191
3.859999895,,,,6.699999809
3.690000057,,,,5.150000095
3.480000019,,,,5.699999809
3.579999924,,,,5.400000095
3.599999905,,,,6.699999809
3.690000057,,,,6.650000095
3.660000086,,,,6.849999905
3.869999886,,,,5.5
3.829999924,,,,6.050000191
3.799999952,,,,7.050000191
4.03000021,,,,5.599999905
3.799999952,,,,5.400000095
3.609999895,,,,6
3.809999943,,,,5.75
3.710000038,,,,7.199999809
3.779999971,,,,7.050000191
3.75999999,,,,6.050000191
3.980000019,,,,6.949999809
3.519999981,,,,6.150000095
3.50999999,,,,5.550000191
3.849999905,,,,5.699999809
3.779999971,,,,5.800000191
3.549999952,,,,6.800000191
4.03000021,,,,5.849999905
3.650000095,,,,6.349999905
3.700000048,,,,3.799999952
4,,,,6.550000191
3.480000019,,,,6.349999905
3.369999886,,,,6.699999809
3.819999933,,,,7.099999905
3.559999943,,,,6.25
3.680000067,,,,6.849999905
3.380000114,,,,6.449999809
3.75,,,,7.099999905
3.640000105,,,,6.849999905
3.470000029,,,,6.25
3.789999962,,,,5.599999905
3.880000114,,,,6.849999905
4,,,,5.900000095
3.630000114,,,,5.099999905
3.789999962,,,,6.550000191
3.970000029,,,,5.699999809
3.5,,,,5.599999905
3.880000114,,,,6.150000095
3.700000048,,,,6.199999809
3.730000019,,,,6.050000191
4.059999943,,,,5.849999905
3.589999914,,,,6.550000191
3.930000067,,,,6.599999905
3.670000076,,,,6.25
3.25999999,,,,5.550000191
3.49000001,,,,6.099999905
3.609999895,,,,6.949999809
3.589999914,,,,6.5
3.470000029,,,,6.050000191
3.660000086,,,,6.050000191
3.859999895,,,,6.5
3.789999962,,,,7.599999905
3.75999999,,,,6.550000191
3.74000001,,,,5.900000095
3.599999905,,,,5.849999905
3.630000114,,,,6.699999809
3.609999895,,,,6.699999809
3.660000086,,,,6.849999905
3.619999886,,,,5.75
3.779999971,,,,6.199999809
3.710000038,,,,7.050000191
3.460000038,,,,5.949999809
3.75,,,,7.150000095
3.670000076,,,,6.050000191
3.660000086,,,,6.300000191
3.720000029,,,,5.150000095
3.690000057,,,,7.449999809
3.900000095,,,,5.300000191
3.710000038,,,,6.400000095
4.190000057,,,,5.75
4.119999886,,,,5.300000191
3.589999914,,,,5.349999905
3.99000001,,,,5.949999809
3.819999933,,,,5.550000191
3.74000001,,,,5.599999905
3.579999924,,,,5.949999809
3.75,,,,6.050000191
3.700000048,,,,6.800000191
3.809999943,,,,5.050000191
3.690000057,,,,6.099999905
3.680000067,,,,6.25
3.369999886,,,,5.900000095
3.839999914,,,,6.199999809
4.090000153,,,,6.75
4.150000095,,,,6.199999809
3.900000095,,,,5.300000191
3.799999952,,,,6.599999905
3.569999933,,,,5.449999809
3.630000114,,,,6.849999905
3.799999952,,,,6.25
4.039999962,,,,5.75
3.650000095,,,,5.949999809
3.75999999,,,,6.400000095
3.789999962,,,,6.150000095
3.809999943,,,,5.900000095
4.03000021,,,,6.550000191
3.650000095,,,,5.800000191
3.480000019,,,,6.050000191
3.829999924,,,,6.050000191
3.859999895,,,,5.449999809
3.589999914,,,,6.050000191
3.480000019,,,,5.949999809
3.579999924,,,,5.800000191
3.700000048,,,,6.349999905
3.5,,,,7.050000191
3.789999962,,,,6.300000191
3.420000076,,,,6.400000095
3.789999962,,,,7.199999809
3.49000001,,,,5.5
3.680000067,,,,6.25
3.75999999,,,,6.099999905
3.670000076,,,,7.099999905
4.110000134,,,,6.650000095
3.799999952,,,,6.599999905
3.579999924,,,,6.599999905
3.470000029,,,,5.25
3.799999952,,,,6.349999905
3.559999943,,,,6.400000095
3.539999962,,,,5.449999809
3.74000001,,,,6
3.75,,,,5.849999905
3.75,,,,5.949999809
3.940000057,,,,6.75
3.49000001,,,,5.349999905
3.880000114,,,,6.449999809
3.599999905,,,,6.650000095
3.650000095,,,,5.849999905
3.809999943,,,,6.800000191
3.839999914,,,,7.099999905
3.799999952,,,,5.949999809
3.50999999,,,,5.849999905
4.059999943,,,,6.849999905
3.670000076,,,,7.400000095
3.579999924,,,,6.449999809
4.090000153,,,,5.800000191
3.680000067,,,,6.349999905
3.349999905,,,,5.800000191
3.819999933,,,,7.099999905
3.960000038,,,,6
3.730000019,,,,5.25
3.779999971,,,,6.25
3.920000076,,,,5.550000191
3.75,,,,6.199999809
3.5,,,,7.150000095
3.849999905,,,,6.699999809
3.690000057,,,,6.449999809
3.569999933,,,,6.300000191
3.74000001,,,,5.949999809
3.559999943,,,,7.050000191
3.910000086,,,,6.75
3.599999905,,,,5.25
3.789999962,,,,6.150000095
3.950000048,,,,6
3.650000095,,,,6.300000191
3.660000086,,,,5.099999905
3.890000105,,,,6.300000191
3.700000048,,,,4.949999809
3.950000048,,,,5.900000095
3.619999886,,,,7.050000191
3.390000105,,,,5.5
3.710000038,,,,7
4,,,,6.5
3.970000029,,,,6.199999809
3.700000048,,,,6
3.859999895,,,,6.599999905
3.930000067,,,,5.849999905
3.660000086,,,,5.150000095
3.609999895,,,,7.300000191
3.849999905,,,,6.349999905
3.670000076,,,,5.349999905
3.859999895,,,,6.800000191
3.829999924,,,,6.099999905
3.700000048,,,,6.25
3.579999924,,,,6.199999809
3.769999981,,,,5.650000095
3.630000114,,,,5.699999809
3.980000019,,,,6.349999905
3.890000105,,,,5.400000095
4.059999943,,,,6.699999809
3.839999914,,,,6.449999809
4.050000191,,,,6.25
3.430000067,,,,6.199999809
3.809999943,,,,5.699999809
3.769999981,,,,6.349999905
3.829999924,,,,6.150000095
3.539999962,,,,5.849999905
3.859999895,,,,6.650000095
3.789999962,,,,5.550000191
3.579999924,,,,6.199999809
3.380000114,,,,6.349999905
3.930000067,,,,5.550000191
3.680000067,,,,5.599999905
3.730000019,,,,6.300000191
3.779999971,,,,5.900000095
3.559999943,,,,6.300000191
3.49000001,,,,6.75
3.420000076,,,,5.900000095
3.849999905,,,,6.5
3.630000114,,,,5.650000095
3.440000057,,,,5.699999809
3.869999886,,,,6.099999905
3.730000019,,,,5.25
3.839999914,,,,5.699999809
3.779999971,,,,5.949999809
3.710000038,,,,5.900000095
3.789999962,,,,5.949999809
3.599999905,,,,7.099999905
3.589999914,,,,6.050000191
3.849999905,,,,6.150000095
3.720000029,,,,6.800000191
3.5,,,,5.800000191
3.460000038,,,,6.599999905
3.480000019,,,,6.25
4.019999981,,,,5.849999905
3.849999905,,,,5.75
3.430000067,,,,6.400000095
3.660000086,,,,5.400000095
3.799999952,,,,6.199999809
3.700000048,,,,6.349999905
3.789999962,,,,5.099999905
3.519999981,,,,5.800000191
3.730000019,,,,7.199999809
3.569999933,,,,5.5
3.380000114,,,,5.800000191
3.900000095,,,,6.300000191
3.910000086,,,,5.800000191
3.660000086,,,,6.449999809
3.539999962,,,,6.400000095
3.25,,,,5.099999905
3.559999943,,,,5.75
3.650000095,,,,6.400000095
3.99000001,,,,6.400000095
3.549999952,,,,5.599999905
4.360000134,,,,6.849999905
3.539999962,,,,6.550000191
3.789999962,,,,6.199999809
3.690000057,,,,6.550000191
3.849999905,,,,5.800000191
3.890000105,,,,5.900000095
3.339999914,,,,7.699999809
3.799999952,,,,5.5
3.799999952,,,,6.900000095
3.470000029,,,,6.199999809
4.159999847,,,,6
3.49000001,,,,5.599999905
3.880000114,,,,5.550000191
3.769999981,,,,5.800000191
3.720000029,,,,5.599999905
3.789999962,,,,6.050000191
3.700000048,,,,5.349999905
3.660000086,,,,6.099999905
3.799999952,,,,6.900000095
3.809999943,,,,5.300000191
3.630000114,,,,7.25
3.460000038,,,,5.300000191
3.670000076,,,,5.900000095
3.619999886,,,,7.25
3.670000076,,,,6
3.630000114,,,,6.849999905
3.630000114,,,,6.599999905
3.529999971,,,,5.550000191
3.779999971,,,,6.300000191
3.329999924,,,,5.800000191
3.619999886,,,,6.050000191
3.660000086,,,,6.849999905
3.950000048,,,,6.349999905
3.470000029,,,,6.5
3.640000105,,,,7.199999809
3.819999933,,,,5.75
3.450000048,,,,5.949999809
3.730000019,,,,6.400000095
3.819999933,,,,5.349999905
4.119999886,,,,6.150000095
3.809999943,,,,5.800000191
3.640000105,,,,6.349999905
3.650000095,,,,5.900000095
3.710000038,,,,5.849999905
3.859999895,,,,6.75
3.5,,,,6.25
3.519999981,,,,6.599999905
3.799999952,,,,6.400000095
4,,,,5.400000095
3.789999962,,,,6.449999809
3.700000048,,,,6.5
3.309999943,,,,6.150000095
3.710000038,,,,6.099999905
3.74000001,,,,6.199999809
3.980000019,,,,4.75
3.75,,,,6.199999809
3.730000019,,,,6.099999905
3.609999895,,,,6.949999809
3.900000095,,,,6.300000191
3.539999962,,,,6.900000095
3.569999933,,,,6.349999905
3.710000038,,,,6.449999809
3.869999886,,,,6.550000191
3.74000001,,,,6.900000095
3.569999933,,,,5.699999809
3.75,,,,8.050000191
3.670000076,,,,5.900000095
3.680000067,,,,5.599999905
3.619999886,,,,6.5
3.480000019,,,,5.699999809
3.380000114,,,,6.099999905
3.390000105,,,,5.75
3.900000095,,,,5.400000095
3.849999905,,,,6.150000095
3.75999999,,,,7.150000095
3.670000076,,,,5.650000095
3.839999914,,,,6.800000191
3.910000086,,,,5.699999809
3.589999914,,,,6.300000191
3.539999962,,,,6.150000095
3.690000057,,,,6.400000095
3.710000038,,,,5.699999809
3.5,,,,6.650000095
3.609999895,,,,7.900000095
3.609999895,,,,6.650000095
3.50999999,,,,6.150000095
3.450000048,,,,5.800000191
3.700000048,,,,5.900000095
3.769999981,,,,6.949999809
3.589999914,,,,5.550000191
3.430000067,,,,6.550000191
3.519999981,,,,6.900000095
3.74000001,,,,6.5
3.640000105,,,,5.849999905
3.769999981,,,,6
3.319999933,,,,6
3.730000019,,,,6.25
4.039999962,,,,6.099999905
3.720000029,,,,6.099999905
3.789999962,,,,6.5
3.849999905,,,,6.550000191
3.519999981,,,,6.349999905
3.700000048,,,,5.800000191
3.589999914,,,,6.599999905
3.779999971,,,,5.099999905
3.730000019,,,,5.800000191
3.920000076,,,,7.050000191
4.119999886,,,,5.75
3.829999924,,,,6.099999905
3.599999905,,,,6.900000095
3.650000095,,,,6.75
3.690000057,,,,6.449999809
3.720000029,,,,5.650000095
3.569999933,,,,6.400000095
3.660000086,,,,5.050000191
3.920000076,,,,6
3.680000067,,,,6.150000095
3.680000067,,,,5.949999809
3.50999999,,,,7
3.619999886,,,,5.849999905
3.720000029,,,,6.550000191
3.619999886,,,,6.650000095
3.769999981,,,,5.800000191
3.75,,,,5.400000095
3.75999999,,,,5.699999809
3.880000114,,,,6.5
3.75,,,,5.699999809
3.609999895,,,,6.550000191
3.940000057,,,,6.199999809
3.980000019,,,,6.849999905
3.700000048,,,,6.150000095
3.630000114,,,,5.300000191
3.539999962,,,,6.050000191
3.950000048,,,,6.5
3.819999933,,,,6.300000191
3.809999943,,,,6.25
3.700000048,,,,6.949999809
3.809999943,,,,6.050000191
3.75999999,,,,6.349999905
3.930000067,,,,6.699999809
3.680000067,,,,7.199999809
3.670000076,,,,5.349999905
3.519999981,,,,5.800000191
4.139999866,,,,5.599999905
3.75,,,,6.599999905
3.690000057,,,,6
3.74000001,,,,5.849999905
3.789999962,,,,6.550000191
3.650000095,,,,5.599999905
3.710000038,,,,6.349999905
3.710000038,,,,5.599999905
3.849999905,,,,5.949999809
3.700000048,,,,6.599999905
3.890000105,,,,5.099999905
3.700000048,,,,6.349999905
3.430000067,,,,6.400000095
3.549999952,,,,5.800000191
3.269999981,,,,5.800000191
3.50999999,,,,6.300000191
3.829999924,,,,6.349999905
3.50999999,,,,5.849999905
3.950000048,,,,6.599999905
3.930000067,,,,6.25
3.49000001,,,,5.900000095
3.640000105,,,,5.349999905
3.660000086,,,,6.25
3.980000019,,,,6.199999809
3.859999895,,,,6.650000095
3.75,,,,6.099999905
3.710000038,,,,6
3.670000076,,,,5.300000191
4.039999962,,,,5.650000095
3.710000038,,,,5.25
3.599999905,,,,6.550000191
3.470000029,,,,6.599999905
3.450000048,,,,6.349999905
3.460000038,,,,6.900000095
3.529999971,,,,5.800000191
3.799999952,,,,5.849999905
3.630000114,,,,6.599999905
3.549999952,,,,5.599999905
3.430000067,,,,5.5
3.720000029,,,,6.25
3.430000067,,,,5.949999809
3.829999924,,,,5.699999809
3.630000114,,,,6.5
3.720000029,,,,6.699999809
3.630000114,,,,5.650000095
3.859999895,,,,7.800000191
3.630000114,,,,6.400000095
4.170000076,,,,6.099999905
3.579999924,,,,6.050000191
3.529999971,,,,5.949999809
3.480000019,,,,6.400000095
3.640000105,,,,6.300000191
3.569999933,,,,5.449999809
3.75999999,,,,6.199999809
3.569999933,,,,6.25
3.819999933,,,,5.949999809
3.440000057,,,,6.349999905
3.460000038,,,,5.650000095
4.039999962,,,,7.099999905
4.019999981,,,,6.099999905
3.869999886,,,,6.25
3.670000076,,,,6.300000191
3.640000105,,,,4.800000191
3.74000001,,,,6.550000191
3.609999895,,,,6.599999905
3.480000019,,,,5.699999809
3.539999962,,,,5
3.900000095,,,,5.300000191
3.359999895,,,,6
3.75,,,,5.699999809
3.309999943,,,,5.849999905
3.880000114,,,,6.199999809
4.099999905,,,,7
3.609999895,,,,6.550000191
3.569999933,,,,7.449999809
3.630000114,,,,5.900000095
3.74000001,,,,5.75
3.980000019,,,,6.199999809
3.559999943,,,,5.199999809
3.519999981,,,,6.650000095
3.880000114,,,,6.25
3.559999943,,,,6.900000095
3.680000067,,,,6.099999905
3.579999924,,,,6.099999905
3.680000067,,,,5.599999905
3.49000001,,,,6.150000095
3.789999962,,,,5.900000095
3.880000114,,,,6.150000095
3.519999981,,,,5.599999905
3.599999905,,,,5.800000191
3.960000038,,,,5.800000191
3.890000105,,,,6.050000191
3.619999886,,,,5.800000191
3.799999952,,,,5.449999809
3.660000086,,,,6.599999905
3.539999962,,,,6.75
3.49000001,,,,5.699999809
3.880000114,,,,7.5
3.460000038,,,,6.699999809
3.599999905,,,,6.800000191
3.599999905,,,,5.349999905
3.529999971,,,,6.75
3.609999895,,,,6.199999809
3.690000057,,,,7.300000191
3.609999895,,,,7.099999905
3.849999905,,,,5.75
3.829999924,,,,5.349999905
3.619999886,,,,6.400000095
3.650000095,,,,5.599999905
3.619999886,,,,6.550000191
3.539999962,,,,5.599999905
3.75999999,,,,6.199999809
3.74000001,,,,6.349999905
3.460000038,,,,6.050000191
3.369999886,,,,5.75
3.450000048,,,,6.349999905
3.670000076,,,,6.150000095
3.720000029,,,,6.650000095
3.569999933,,,,6.800000191
3.569999933,,,,5.449999809
3.569999933,,,,6.699999809
3.980000019,,,,6.199999809
3.710000038,,,,6.099999905
3.769999981,,,,5.900000095
3.319999933,,,,6.150000095
3.579999924,,,,5.449999809
3.480000019,,,,6.099999905
3.549999952,,,,6
3.650000095,,,,6.449999809
3.480000019,,,,5.949999809
3.529999971,,,,6.349999905
3.640000105,,,,6.349999905
3.5,,,,6.099999905
3.970000029,,,,6.050000191
3.769999981,,,,5.550000191
3.660000086,,,,6.400000095
3.559999943,,,,6.050000191
3.789999962,,,,5.849999905
3.470000029,,,,6.400000095
3.569999933,,,,5.5
3.569999933,,,,5.949999809
3.5,,,,6.25
3.960000038,,,,6.699999809
3.380000114,,,,6.199999809
3.670000076,,,,6.199999809
3.74000001,,,,6.5
3.670000076,,,,6.449999809
3.710000038,,,,6
3.480000019,,,,5.900000095
3.75,,,,7
3.950000048,,,,5.949999809
3.75,,,,5.800000191
3.49000001,,,,7.900000095
3.75,,,,5.550000191
3.519999981,,,,5.400000095
3.430000067,,,,6.400000095
3.640000105,,,,6.5
3.440000057,,,,6.800000191
4.039999962,,,,5.699999809
3.670000076,,,,6.400000095
3.619999886,,,,6.650000095
3.579999924,,,,5.5
3.410000086,,,,5.150000095
3.819999933,,,,6.199999809
3.809999943,,,,6.099999905
3.630000114,,,,6.150000095
3.769999981,,,,6.199999809
3.529999971,,,,6.150000095
3.660000086,,,,5.900000095
3.769999981,,,,5.650000095
3.619999886,,,,5.800000191
3.75999999,,,,5.550000191
3.579999924,,,,6.949999809
3.529999971,,,,6.900000095
3.549999952,,,,6.150000095
3.690000057,,,,4.949999809
3.519999981,,,,5.599999905
4.010000229,,,,6.099999905
3.640000105,,,,5.800000191
4,,,,6.25
3.75,,,,5.900000095
3.700000048,,,,5.650000095
3.619999886,,,,6.949999809
3.359999895,,,,5.800000191
3.450000048,,,,6.349999905
3.470000029,,,,6.349999905
3.559999943,,,,6.400000095
3.789999962,,,,6.849999905
3.710000038,,,,5.099999905
3.480000019,,,,5.25
3.819999933,,,,6.25
3.690000057,,,,7.099999905
3.410000086,,,,6.449999809
3.670000076,,,,5.25
3.49000001,,,,6.150000095
3.74000001,,,,5.699999809
3.529999971,,,,5.75
3.460000038,,,,6.800000191
3.690000057,,,,5.599999905
3.700000048,,,,5.849999905
4.070000172,,,,5.849999905
3.539999962,,,,6.650000095
3.579999924,,,,5.900000095
3.819999933,,,,6.25
3.640000105,,,,6.699999809
3.660000086,,,,6.099999905
3.75999999,,,,5.199999809
3.819999933,,,,5.300000191
3.619999886,,,,6.550000191
3.480000019,,,,6
3.650000095,,,,5.5
3.630000114,,,,5.849999905
3.430000067,,,,5.449999809
3.849999905,,,,6.199999809
3.930000067,,,,6.650000095
3.619999886,,,,5.349999905
3.849999905,,,,6
3.5,,,,6.650000095
3.569999933,,,,6.400000095
3.650000095,,,,5.800000191
3.680000067,,,,5.650000095
3.49000001,,,,6
3.579999924,,,,6.5
3.589999914,,,,6.25
3.609999895,,,,5.449999809
3.849999905,,,,6.800000191
3.559999943,,,,5.800000191
3.710000038,,,,7
3.180000067,,,,6.050000191
3.430000067,,,,6.5
3.799999952,,,,5.800000191
3.630000114,,,,5.650000095
3.650000095,,,,6.949999809
3.50999999,,,,5.800000191
4.159999847,,,,6.050000191
3.700000048,,,,6.849999905
3.430000067,,,,5.75
3.470000029,,,,5.949999809
3.609999895,,,,6.199999809
3.710000038,,,,6.050000191
3.700000048,,,,5.849999905
3.670000076,,,,5.599999905
3.75999999,,,,6.550000191
3.480000019,,,,6.650000095
3.569999933,,,,6.099999905
3.650000095,,,,6.900000095
3.589999914,,,,6.25
3.720000029,,,,6.300000191
3.690000057,,,,6.650000095
3.75999999,,,,6.300000191
3.49000001,,,,6.75
3.690000057,,,,5.650000095
3.569999933,,,,5.849999905
3.420000076,,,,6.150000095
3.730000019,,,,6.099999905
3.940000057,,,,6.150000095
3.710000038,,,,6.699999809
3.559999943,,,,6.199999809
3.559999943,,,,5.949999809
3.869999886,,,,6.25
3.660000086,,,,5.400000095
3.930000067,,,,6.050000191
3.609999895,,,,6.650000095
3.720000029,,,,6
3.470000029,,,,6.900000095
3.519999981,,,,6.150000095
3.819999933,,,,5.900000095
3.960000038,,,,6.349999905
3.470000029,,,,5.900000095
3.720000029,,,,6.300000191
3.589999914,,,,6.050000191
3.480000019,,,,6.400000095
3.769999981,,,,6.400000095
3.940000057,,,,5.900000095
3.529999971,,,,7.300000191
3.660000086,,,,5.699999809
3.779999971,,,,6.650000095
3.819999933,,,,6
3.609999895,,,,5.800000191
3.460000038,,,,6.650000095
3.809999943,,,,6.550000191
3.700000048,,,,5.300000191
3.670000076,,,,5.449999809
3.519999981,,,,7
3.950000048,,,,5.849999905
3.859999895,,,,4.550000191
3.670000076,,,,5.349999905
3.609999895,,,,6.050000191
3.380000114,,,,6.150000095
3.650000095,,,,5.599999905
3.589999914,,,,6.199999809
3.609999895,,,,6.349999905
3.849999905,,,,6.099999905
3.710000038,,,,6.150000095
3.5,,,,6
3.589999914,,,,5.699999809
3.670000076,,,,5.800000191
3.650000095,,,,5.800000191
3.730000019,,,,5.900000095
3.890000105,,,,5.699999809
3.809999943,,,,6.099999905
3.589999914,,,,5.550000191
3.579999924,,,,6.199999809
3.700000048,,,,7.050000191
3.579999924,,,,6
3.700000048,,,,5.800000191
3.619999886,,,,5.849999905
3.890000105,,,,5.800000191
3.75,,,,6.099999905
3.609999895,,,,7.199999809
3.75999999,,,,6.949999809
3.440000057,,,,5.650000095
3.640000105,,,,5.699999809
3.660000086,,,,5.599999905
3.619999886,,,,6.349999905
3.829999924,,,,5.25
3.630000114,,,,5.199999809
3.609999895,,,,5.699999809
3.839999914,,,,6.949999809
3.75,,,,7.25
3.630000114,,,,6
3.50999999,,,,5.599999905
3.670000076,,,,6.150000095
3.730000019,,,,7
3.559999943,,,,6.449999809
3.690000057,,,,6.949999809
3.5,,,,6.5
3.829999924,,,,5.900000095
3.619999886,,,,7.199999809
3.769999981,,,,5.699999809
3.619999886,,,,6.099999905
3.529999971,,,,6.150000095
3.730000019,,,,6.25
3.549999952,,,,6.099999905
3.769999981,,,,4.650000095
3.789999962,,,,6.5
3.5,,,,6.849999905
3.430000067,,,,6.699999809
3.710000038,,,,5.400000095
3.980000019,,,,5
3.720000029,,,,7.400000095
3.390000105,,,,7.349999905
3.849999905,,,,7.300000191
3.539999962,,,,6.300000191
3.680000067,,,,6
3.440000057,,,,6.150000095
3.519999981,,,,5.75
4.03000021,,,,5.650000095
3.49000001,,,,6.599999905
3.569999933,,,,6
3.329999924,,,,6.599999905
3.920000076,,,,5.449999809
3.869999886,,,,6.150000095
3.680000067,,,,6.650000095
3.420000076,,,,5.650000095
3.670000076,,,,6.5
3.769999981,,,,6.349999905
3.410000086,,,,6.25
4.139999866,,,,6.5
3.5,,,,5
3.549999952,,,,6.75
3.700000048,,,,5.949999809
4.039999962,,,,6.400000095
3.569999933,,,,5.050000191
3.640000105,,,,5.75
3.680000067,,,,4.849999905
3.660000086,,,,5.599999905
3.730000019,,,,5.599999905
4.079999924,,,,6.349999905
3.630000114,,,,6.050000191
3.680000067,,,,6.199999809
3.809999943,,,,4.849999905
3.829999924,,,,6
3.5,,,,5.349999905
3.75,,,,6.900000095
3.559999943,,,,6.25
3.450000048,,,,6.900000095
3.529999971,,,,5.050000191
3.769999981,,,,6.349999905
3.569999933,,,,5.650000095
3.769999981,,,,6.050000191
3.49000001,,,,5.900000095
3.809999943,,,,6.349999905
3.289999962,,,,6.050000191
3.74000001,,,,5.349999905
3.809999943,,,,5.650000095
3.680000067,,,,5.550000191
3.640000105,,,,6.199999809
3.869999886,,,,5.699999809
3.839999914,,,,5.400000095
3.960000038,,,,6.199999809
3.579999924,,,,5.800000191
3.50999999,,,,5.099999905
3.660000086,,,,5.599999905
3.670000076,,,,5.599999905
3.569999933,,,,6.199999809
3.880000114,,,,6.199999809
3.50999999,,,,5.800000191
3.390000105,,,,6.300000191
3.849999905,,,,6
3.569999933,,,,5.699999809
3.650000095,,,,7
4.139999866,,,,6.550000191
3.690000057,,,,6.349999905
3.630000114,,,,6.349999905
3.670000076,,,,5.699999809
3.75,,,,5.050000191
3.559999943,,,,5.650000095
3.720000029,,,,5.949999809
3.50999999,,,,6.150000095
3.440000057,,,,5.75
3.730000019,,,,6.300000191
3.599999905,,,,5.900000095
3.309999943,,,,5.800000191
3.829999924,,,,6.300000191
3.390000105,,,,6
3.579999924,,,,6.25
3.559999943,,,,7.199999809
3.930000067,,,,6.5
3.769999981,,,,6.650000095
3.599999905,,,,6.349999905
3.569999933,,,,5.599999905
4.010000229,,,,7.25
3.670000076,,,,6.099999905
3.680000067,,,,5.75
3.420000076,,,,5.550000191
3.529999971,,,,6
3.690000057,,,,5.400000095
3.400000095,,,,6.349999905
3.730000019,,,,6.25
3.640000105,,,,5.699999809
3.880000114,,,,6
3.220000029,,,,5.550000191
3.50999999,,,,5.900000095
3.930000067,,,,6.75
3.75,,,,6
3.930000067,,,,6.099999905
3.609999895,,,,7.599999905
3.829999924,,,,6.900000095
3.680000067,,,,5.900000095
3.880000114,,,,6.599999905
3.589999914,,,,5.099999905
3.470000029,,,,6.099999905
3.609999895,,,,5.449999809
3.630000114,,,,5.650000095
3.680000067,,,,6.050000191
3.319999933,,,,6.75
3.619999886,,,,6.300000191
3.769999981,,,,6.599999905
3.5,,,,5
3.549999952,,,,7.550000191
3.769999981,,,,5.199999809
3.670000076,,,,6.550000191
3.630000114,,,,5.949999809
3.589999914,,,,5.800000191
3.519999981,,,,5.650000095
3.619999886,,,,6.900000095
3.839999914,,,,5.800000191
3.869999886,,,,5.099999905
3.75999999,,,,5.550000191
3.400000095,,,,6.400000095
3.49000001,,,,5.25
3.690000057,,,,5.800000191
3.670000076,,,,5.949999809
3.49000001,,,,5.550000191
3.680000067,,,,5.75
3.309999943,,,,5.800000191
3.700000048,,,,5.699999809
3.410000086,,,,6.900000095
3.579999924,,,,5.800000191
3.630000114,,,,5.900000095
3.670000076,,,,5.75
3.559999943,,,,6.900000095
3.650000095,,,,5.400000095
3.849999905,,,,5.349999905
3.970000029,,,,5
4.159999847,,,,5.849999905
3.470000029,,,,6.599999905
3.910000086,,,,6.75
3.910000086,,,,5.75
3.579999924,,,,6.449999809
3.619999886,,,,6.599999905
3.599999905,,,,6
3.640000105,,,,6.400000095
3.75,,,,5.650000095
3.599999905,,,,5.5
3.589999914,,,,6.150000095
3.690000057,,,,5.5
3.49000001,,,,6.849999905
3.309999943,,,,7.300000191
3.460000038,,,,6.550000191
3.690000057,,,,5.949999809
3.829999924,,,,7.5
3.49000001,,,,6.5
3.890000105,,,,6.25
3.440000057,,,,4.699999809
3.589999914,,,,6.5
3.660000086,,,,5.900000095
3.579999924,,,,5.949999809
3.829999924,,,,6.849999905
3.599999905,,,,7.050000191
3.380000114,,,,6.599999905
3.539999962,,,,6.5
3.799999952,,,,6.199999809
3.569999933,,,,5.900000095
3.519999981,,,,5.699999809
3.589999914,,,,5.949999809
3.519999981,,,,5.599999905
3.440000057,,,,6.050000191
3.619999886,,,,5.800000191
3.809999943,,,,6.75
3.74000001,,,,6.199999809
3.720000029,,,,5.400000095
3.720000029,,,,6.849999905
3.549999952,,,,6.25
3.630000114,,,,5.199999809
3.769999981,,,,6.400000095
3.599999905,,,,6.25
3.329999924,,,,6.5
3.25999999,,,,5.349999905
3.579999924,,,,7.25
3.710000038,,,,5.949999809
3.559999943,,,,5.650000095
3.769999981,,,,5.849999905
3.690000057,,,,5.900000095
3.279999971,,,,6.550000191
3.559999943,,,,6.449999809
3.710000038,,,,5.300000191
3.640000105,,,,5.599999905
3.559999943,,,,5.849999905
3.690000057,,,,6.199999809
3.339999914,,,,7.099999905
3.819999933,,,,6.150000095
3.640000105,,,,5.550000191
3.529999971,,,,5.75
3.710000038,,,,6.349999905
3.5,,,,6.150000095
3.660000086,,,,5.949999809
3.430000067,,,,6.099999905
3.650000095,,,,5.75
3.690000057,,,,6
3.670000076,,,,6.5
3.75999999,,,,5.199999809
3.279999971,,,,5.300000191
3.650000095,,,,6.050000191
3.640000105,,,,5.900000095
3.920000076,,,,5.449999809
3.75999999,,,,5.599999905
3.519999981,,,,5.949999809
3.720000029,,,,5.349999905
3.410000086,,,,6.400000095
3.799999952,,,,5.5
3.329999924,,,,5.900000095
3.670000076,,,,5
3.450000048,,,,6.5
3.579999924,,,,5.699999809
3.450000048,,,,5.349999905
3.829999924,,,,5.699999809
3.880000114,,,,5.699999809
3.599999905,,,,5.800000191
3.349999905,,,,5.199999809
3.519999981,,,,5.949999809
3.720000029,,,,6.150000095
3.599999905,,,,6.349999905
3.609999895,,,,6.5
3.700000048,,,,5.550000191
3.859999895,,,,6.300000191
3.670000076,,,,5.900000095
3.700000048,,,,6.25
3.559999943,,,,6.400000095
3.410000086,,,,6.550000191
3.690000057,,,,6.25
3.75,,,,5.650000095
3.789999962,,,,7
3.700000048,,,,5.349999905
3.730000019,,,,5.099999905
4.119999886,,,,5.800000191
3.640000105,,,,6.099999905
3.829999924,,,,6
3.779999971,,,,5.650000095
3.619999886,,,,6.599999905
3.670000076,,,,5.5
3.650000095,,,,6
3.430000067,,,,5.300000191
3.630000114,,,,5.949999809
3.480000019,,,,5.550000191
3.619999886,,,,5.5
3.559999943,,,,5.800000191
3.680000067,,,,6.949999809
3.75,,,,6.150000095
3.619999886,,,,7
3.24000001,,,,5.949999809
3.539999962,,,,5.550000191
3.599999905,,,,5.5
3.660000086,,,,5.25
3.640000105,,,,5.800000191
3.599999905,,,,6.349999905
3.380000114,,,,5.099999905
3.619999886,,,,5.900000095
3.680000067,,,,6.349999905
3.5,,,,5.800000191
3.559999943,,,,5.699999809
3.390000105,,,,7.050000191
3.640000105,,,,6.099999905
3.359999895,,,,6.449999809
3.630000114,,,,6.550000191
3.75999999,,,,5.599999905
3.470000029,,,,5.5
3.75,,,,6.300000191
3.599999905,,,,6.449999809
3.74000001,,,,6.300000191
3.640000105,,,,6.050000191
3.519999981,,,,6.150000095
3.430000067,,,,6.099999905
3.769999981,,,,7.300000191
3.660000086,,,,5.900000095
3.390000105,,,,5.400000095
4.070000172,,,,6.550000191
3.880000114,,,,6.400000095
3.650000095,,,,6.050000191
4.21999979,,,,5.699999809
3.630000114,,,,6.199999809
3.650000095,,,,5.400000095
3.549999952,,,,6.300000191
3.619999886,,,,6.050000191
4.03000021,,,,6.5
3.980000019,,,,5.099999905
3.950000048,,,,6.900000095
3.730000019,,,,5.75
3.079999924,,,,5.949999809
3.779999971,,,,6.25
3.5,,,,5.400000095
3.680000067,,,,5.5
3.529999971,,,,7.449999809
3.559999943,,,,7.150000095
3.779999971,,,,6.349999905
3.690000057,,,,6.849999905
4.019999981,,,,7.099999905
3.559999943,,,,5.699999809
3.480000019,,,,5.949999809
3.619999886,,,,5.550000191
3.369999886,,,,5.550000191
3.910000086,,,,5.849999905
3.569999933,,,,7.150000095
4.010000229,,,,6.099999905
3.769999981,,,,5.199999809
3.329999924,,,,5.599999905
3.519999981,,,,5.449999809
3.430000067,,,,6.550000191
3.650000095,,,,5.650000095
3.410000086,,,,5.550000191
3.710000038,,,,6.400000095
3.829999924,,,,6.199999809
3.539999962,,,,5.400000095
4,,,,5.75
3.680000067,,,,5.650000095
3.549999952,,,,5.849999905
3.440000057,,,,5.199999809
3.569999933,,,,6.150000095
3.529999971,,,,6.099999905
3.789999962,,,,6
3.670000076,,,,5.949999809
3.609999895,,,,6.599999905
3.779999971,,,,6.449999809
3.619999886,,,,5.300000191
3.720000029,,,,5.550000191
3.849999905,,,,5.099999905
3.630000114,,,,5.599999905
3.599999905,,,,5.25
3.730000019,,,,5.900000095
3.549999952,,,,6.599999905
3.910000086,,,,5.800000191
3.75,,,,6.300000191
3.549999952,,,,5.550000191
3.650000095,,,,6.699999809
3.529999971,,,,6.150000095
3.799999952,,,,6.099999905
3.50999999,,,,5.800000191
3.809999943,,,,5.400000095
3.430000067,,,,7.099999905
3.559999943,,,,6.150000095
3.680000067,,,,5.050000191
3.869999886,,,,5.650000095
3.589999914,,,,6.050000191
3.900000095,,,,7.050000191
3.450000048,,,,5.900000095
3.789999962,,,,4.550000191
3.519999981,,,,6.25
3.5,,,,6.400000095
3.859999895,,,,6.349999905
3.690000057,,,,6
3.640000105,,,,6.199999809
3.730000019,,,,5.650000095
3.779999971,,,,6.349999905
3.549999952,,,,6.349999905
3.789999962,,,,6.050000191
3.470000029,,,,6.050000191
3.460000038,,,,5.75
4.099999905,,,,6.550000191
3.710000038,,,,5.900000095
3.589999914,,,,6.650000095
3.450000048,,,,6.599999905
3.450000048,,,,4.800000191
3.619999886,,,,6.25
3.700000048,,,,5.800000191
3.529999971,,,,6.550000191
3.980000019,,,,5.599999905
3.569999933,,,,6.199999809
3.450000048,,,,5.400000095
3.549999952,,,,5.900000095
3.700000048,,,,6.150000095
3.640000105,,,,5.599999905
3.690000057,,,,5.5
3.579999924,,,,6.550000191
3.74000001,,,,6.349999905
3.569999933,,,,6.449999809
3.609999895,,,,5.800000191
3.809999943,,,,6.150000095
3.950000048,,,,7
3.839999914,,,,5.599999905
3.650000095,,,,5.699999809
3.680000067,,,,6.199999809
3.720000029,,,,6.099999905
3.75999999,,,,6.449999809
3.789999962,,,,6
3.75,,,,4.849999905
3.420000076,,,,6.300000191
3.559999943,,,,5.699999809
3.609999895,,,,5.550000191
3.559999943,,,,5.349999905
3.549999952,,,,4.800000191
3.789999962,,,,6.199999809
3.5,,,,6.300000191
3.809999943,,,,6.650000095
3.470000029,,,,5.800000191
3.470000029,,,,5.75
3.569999933,,,,5.650000095
3.75999999,,,,5.650000095
3.859999895,,,,6.199999809
3.630000114,,,,5.849999905
3.549999952,,,,6.25
3.710000038,,,,5.75
3.839999914,,,,6.949999809
4.119999886,,,,6.099999905
3.400000095,,,,5.900000095
3.650000095,,,,6.75
3.529999971,,,,5.550000191
3.849999905,,,,5.800000191
3.559999943,,,,6
3.589999914,,,,5.349999905
3.779999971,,,,6.199999809
3.700000048,,,,5.949999809
3.609999895,,,,7.75
3.480000019,,,,5.349999905
3.5,,,,5.5
3.420000076,,,,6.150000095
3.569999933,,,,4.599999905
3.730000019,,,,6.050000191
3.650000095,,,,6.150000095
3.670000076,,,,6.050000191
3.539999962,,,,5.199999809
3.710000038,,,,6.550000191
3.390000105,,,,5.550000191
3.710000038,,,,5.800000191
3.410000086,,,,5.900000095
3.5,,,,5.199999809
3.440000057,,,,5.75
3.690000057,,,,5.400000095
3.440000057,,,,4.699999809
3.359999895,,,,4.5
3.730000019,,,,6.099999905
3.5,,,,6.5
3.440000057,,,,5.75
3.460000038,,,,6.349999905
3.680000067,,,,5.949999809
3.25999999,,,,6.25
3.50999999,,,,5.449999809
3.539999962,,,,5.25
3.99000001,,,,5.849999905
3.799999952,,,,6
3.650000095,,,,6.5
3.549999952,,,,5.949999809
3.50999999,,,,6.949999809
3.74000001,,,,6.800000191
3.75999999,,,,5.650000095
3.579999924,,,,5.300000191
3.619999886,,,,6.099999905
3.559999943,,,,6.25
3.420000076,,,,5.650000095
3.549999952,,,,6.300000191
3.680000067,,,,5.699999809
3.339999914,,,,5.75
3.839999914,,,,6.300000191
3.50999999,,,,5.900000095
3.650000095,,,,5.699999809
3.769999981,,,,5.849999905
3.470000029,,,,5.699999809
3.369999886,,,,6
3.589999914,,,,6.900000095
3.5,,,,6.599999905
3.769999981,,,,6.300000191
3.609999895,,,,5.300000191
3.589999914,,,,6.300000191
3.660000086,,,,7.150000095
3.359999895,,,,5.400000095
3.5,,,,4.900000095
3.349999905,,,,5.5
3.609999895,,,,6.75
3.660000086,,,,5.699999809
3.359999895,,,,5.25
3.430000067,,,,5.949999809
3.589999914,,,,6.099999905
3.660000086,,,,6.25
3.589999914,,,,5.699999809
3.390000105,,,,7.050000191
3.440000057,,,,5.599999905
3.769999981,,,,5.800000191
3.529999971,,,,5.099999905
3.410000086,,,,6.599999905
3.49000001,,,,7.050000191
3.480000019,,,,6.400000095
3.529999971,,,,5.75
3.519999981,,,,5.650000095
3.819999933,,,,6.099999905
3.559999943,,,,5.949999809
3.700000048,,,,5.550000191
3.75,,,,6.75
3.880000114,,,,6.449999809
3.460000038,,,,6
3.74000001,,,,6.599999905
3.630000114,,,,5.349999905
3.819999933,,,,5.75
3.529999971,,,,6.699999809
3.470000029,,,,5.699999809
3.440000057,,,,6.150000095
3.569999933,,,,6.099999905
3.430000067,,,,6
3.549999952,,,,6.650000095
3.769999981,,,,5.400000095
3.630000114,,,,6.400000095
3.809999943,,,,6.400000095
3.49000001,,,,7.050000191
3.619999886,,,,5.900000095
3.700000048,,,,6.599999905
3.410000086,,,,6.300000191
3.49000001,,,,5.800000191
3.619999886,,,,5.400000095
3.99000001,,,,5.400000095
3.519999981,,,,6.150000095
3.430000067,,,,5.199999809
3.470000029,,,,5.849999905
3.440000057,,,,6
3.579999924,,,,5.5
3.690000057,,,,5.099999905
3.569999933,,,,5.650000095
3.650000095,,,,6.25
3.630000114,,,,5.949999809
3.690000057,,,,5.900000095
3.579999924,,,,5.349999905
3.599999905,,,,5.900000095
4.090000153,,,,5.900000095
3.069999933,,,,5.25
3.50999999,,,,5.199999809
3.589999914,,,,4.900000095
3.690000057,,,,6.650000095
3.50999999,,,,6.349999905
3.809999943,,,,6.150000095
3.460000038,,,,6
3.619999886,,,,5.900000095
3.400000095,,,,5.900000095
3.880000114,,,,6.150000095
3.839999914,,,,6.550000191
3.950000048,,,,4.949999809
3.670000076,,,,5.650000095
3.549999952,,,,6.400000095
3.559999943,,,,5.300000191
3.430000067,,,,6.300000191
3.660000086,,,,6.199999809
3.569999933,,,,6.300000191
3.470000029,,,,5.650000095
3.680000067,,,,5.400000095
3.75999999,,,,6.099999905
3.619999886,,,,4.900000095
3.309999943,,,,5.300000191
3.519999981,,,,5.650000095
3.470000029,,,,5.800000191
3.49000001,,,,5.5
3.269999981,,,,5.400000095
3.470000029,,,,4.800000191
3.50999999,,,,5.75
3.450000048,,,,4.699999809
3.809999943,,,,5.650000095
3.539999962,,,,7.449999809
3.599999905,,,,5.349999905
3.5,,,,5.949999809
3.940000057,,,,5.949999809
3.970000029,,,,5.099999905
3.670000076,,,,6.449999809
3.599999905,,,,6.75
4,,,,6.150000095
3.400000095,,,,6.050000191
3.789999962,,,,5.949999809
3.460000038,,,,5.400000095
3.559999943,,,,4.949999809
3.5,,,,5.400000095
3.829999924,,,,6.599999905
3.630000114,,,,5.050000191
3.809999943,,,,5.75
3.690000057,,,,5.300000191
3.670000076,,,,5.949999809
3.559999943,,,,5.800000191
3.49000001,,,,5.550000191
3.650000095,,,,5.5
3.529999971,,,,6.150000095
3.450000048,,,,7.099999905
3.720000029,,,,6.650000095
3.690000057,,,,6.650000095
3.700000048,,,,5.25
3.609999895,,,,5.599999905
3.710000038,,,,5.949999809
3.680000067,,,,6
3.819999933,,,,5.650000095
3.619999886,,,,5.75
3.609999895,,,,5.5
3.519999981,,,,6.75
3.660000086,,,,5.75
3.539999962,,,,6
3.549999952,,,,6.150000095
3.880000114,,,,5.949999809
3.950000048,,,,5.449999809
3.75,,,,5.449999809
3.49000001,,,,6.699999809
3.549999952,,,,6.199999809
3.549999952,,,,6.75
3.420000076,,,,5.900000095
3.470000029,,,,6
3.799999952,,,,5.449999809
3.49000001,,,,6
3.559999943,,,,6.150000095
3.599999905,,,,6.599999905
3.650000095,,,,6.599999905
3.49000001,,,,7.050000191
3.559999943,,,,5.849999905
3.819999933,,,,5.900000095
3.599999905,,,,4.949999809
3.579999924,,,,6.650000095
3.720000029,,,,5.949999809
3.839999914,,,,5.349999905
3.480000019,,,,6.199999809
3.410000086,,,,5.650000095
3.599999905,,,,5.400000095
3.720000029,,,,6.300000191
3.549999952,,,,5.5
3.5,,,,5.150000095
3.390000105,,,,5.699999809
3.549999952,,,,6.699999809
3.630000114,,,,5.550000191
3.819999933,,,,5.900000095
3.279999971,,,,6.199999809
3.549999952,,,,5.949999809
3.5,,,,6.699999809
3.589999914,,,,5.75
3.50999999,,,,5.849999905
3.599999905,,,,5.800000191
3.710000038,,,,5.699999809
3.75999999,,,,6.800000191
3.829999924,,,,5.599999905
3.849999905,,,,4.949999809
3.49000001,,,,4.900000095
3.24000001,,,,5.900000095
3.25,,,,6.050000191
3.430000067,,,,5.550000191
3.50999999,,,,6.800000191
3.779999971,,,,6.449999809
3.769999981,,,,7.650000095
3.450000048,,,,5.300000191
4.150000095,,,,6.199999809
3.589999914,,,,5.800000191
3.579999924,,,,6.050000191
3.859999895,,,,5.949999809
3.900000095,,,,6
4.130000114,,,,5.650000095
3.480000019,,,,5.650000095
3.470000029,,,,5.800000191
3.50999999,,,,5.050000191
3.730000019,,,,5.550000191
3.519999981,,,,5.550000191
3.75999999,,,,5.400000095
3.619999886,,,,6.099999905
3.869999886,,,,6.050000191
3.5,,,,6.099999905
3.599999905,,,,4.900000095
3.630000114,,,,6.949999809
3.579999924,,,,5.099999905
3.529999971,,,,6
3.589999914,,,,5.650000095
3.700000048,,,,5.699999809
3.660000086,,,,5.849999905
3.430000067,,,,5.75
3.690000057,,,,5.75
3.779999971,,,,5.800000191
3.75999999,,,,6.349999905
3.430000067,,,,5.400000095
3.839999914,,,,7.800000191
3.950000048,,,,6.050000191
3.640000105,,,,6.25
3.869999886,,,,6.099999905
3.599999905,,,,6.099999905
3.430000067,,,,6.199999809
3.859999895,,,,6.199999809
3.700000048,,,,5.949999809
3.619999886,,,,5.849999905
3.640000105,,,,5.699999809
3.579999924,,,,5.349999905
3.470000029,,,,6.849999905
3.599999905,,,,5.849999905
3.480000019,,,,5.25
3.349999905,,,,6.800000191
3.940000057,,,,6.449999809
3.839999914,,,,5.699999809
3.720000029,,,,5.699999809
3.640000105,,,,6.349999905
3.589999914,,,,6.800000191
3.390000105,,,,6.900000095
3.430000067,,,,6.650000095
3.710000038,,,,5.75
3.50999999,,,,5.599999905
3.49000001,,,,6.25
3.519999981,,,,5.900000095
3.450000048,,,,7.349999905
3.799999952,,,,6
3.390000105,,,,6.25
3.859999895,,,,5.800000191
3.50999999,,,,6.800000191
3.720000029,,,,5.75
3.49000001,,,,6.5
3.380000114,,,,6.199999809
3.859999895,,,,5.449999809
3.599999905,,,,5.849999905
3.700000048,,,,6.050000191
3.829999924,,,,6.5
3.74000001,,,,5.599999905
3.720000029,,,,7.25
3.430000067,,,,5.75
3.720000029,,,,6.449999809
3.420000076,,,,5.849999905
3.559999943,,,,6.650000095
3.960000038,,,,6.400000095
3.670000076,,,,5.699999809
3.519999981,,,,5.349999905
3.529999971,,,,5.150000095
3.640000105,,,,5.949999809
3.769999981,,,,5.550000191
4.059999943,,,,5.449999809
3.5,,,,6.75
3.529999971,,,,6.5
3.630000114,,,,5.5
3.779999971,,,,6.449999809
3.650000095,,,,6.650000095
3.480000019,,,,6.449999809
3.519999981,,,,6.849999905
3.799999952,,,,6.099999905
3.789999962,,,,5.050000191
3.529999971,,,,6.199999809
3.549999952,,,,4.75
3.690000057,,,,5.900000095
3.700000048,,,,5.5
3.75999999,,,,5.25
3.279999971,,,,6.050000191
3.539999962,,,,5.949999809
3.460000038,,,,5.050000191
3.599999905,,,,6.099999905
3.599999905,,,,5.900000095
3.349999905,,,,5.550000191
3.670000076,,,,6.400000095
3.450000048,,,,5.400000095
3.680000067,,,,6.099999905
3.25999999,,,,6
3.779999971,,,,5.099999905
3.650000095,,,,4.800000191
3.650000095,,,,6.599999905
3.529999971,,,,5.25
3.75999999,,,,5.800000191
3.319999933,,,,6.699999809
3.690000057,,,,5.25
3.460000038,,,,7.550000191
3.529999971,,,,7.5
3.730000019,,,,5.199999809
3.859999895,,,,7.25
3.619999886,,,,6.150000095
3.289999962,,,,6.300000191
3.809999943,,,,5.050000191
3.309999943,,,,5.800000191
3.440000057,,,,6.349999905
3.440000057,,,,6.900000095
3.829999924,,,,6
3.74000001,,,,6.75
3.279999971,,,,6.099999905
3.730000019,,,,6.650000095
3.380000114,,,,5.650000095
3.640000105,,,,5.849999905
3.650000095,,,,6.25
3.619999886,,,,5.5
3.549999952,,,,5.25
3.599999905,,,,6.25
3.599999905,,,,6.400000095
3.519999981,,,,6.5
3.289999962,,,,5.699999809
3.579999924,,,,5.849999905
3.869999886,,,,6.550000191
3.480000019,,,,6.349999905
3.650000095,,,,7.050000191
3.650000095,,,,6.349999905
3.430000067,,,,6.449999809
3.839999914,,,,5.699999809
3.720000029,,,,6.099999905
3.329999924,,,,6.050000191
3.74000001,,,,6.099999905
3.650000095,,,,5.550000191
3.700000048,,,,5.400000095
3.599999905,,,,5.800000191
3.809999943,,,,6.400000095
3.299999952,,,,5.050000191
3.630000114,,,,6.349999905
3.349999905,,,,4.949999809
3.5,,,,6.150000095
3.970000029,,,,6.25
3.49000001,,,,6.599999905
3.539999962,,,,6.550000191
3.519999981,,,,5.400000095
3.190000057,,,,6.349999905
3.630000114,,,,5.650000095
3.75,,,,6
3.559999943,,,,6.699999809
3.660000086,,,,5.099999905
3.609999895,,,,5.550000191
3.680000067,,,,5.599999905
3.440000057,,,,6.349999905
3.549999952,,,,6.050000191
3.710000038,,,,5.900000095
3.660000086,,,,5.75
3.599999905,,,,5.550000191
3.480000019,,,,5.75
3.609999895,,,,5.550000191
3.579999924,,,,6.150000095
3.390000105,,,,6.050000191
3.849999905,,,,6.199999809
3.849999905,,,,6
3.630000114,,,,5.099999905
3.410000086,,,,6.75
3.609999895,,,,6.5
3.680000067,,,,6.449999809
3.650000095,,,,5.75
3.950000048,,,,7.050000191
3.5,,,,6.599999905
4.179999828,,,,6.349999905
3.359999895,,,,6.400000095
3.680000067,,,,6.300000191
3.529999971,,,,6.849999905
3.359999895,,,,4.699999809
3.640000105,,,,5.75
